,Unnamed: 0,Frame,prox,dist,prox_filtered,dist_filtered
0,0,0,33,33,31.0,31.0
1,1,1,33,33,31.0,31.0
2,2,2,33,33,31.0,31.0
3,3,3,33,34,31.0,31.0
4,4,4,34,33,31.0,31.0
5,5,5,33,34,31.0,31.0
6,6,6,34,33,31.0,31.0
7,7,7,34,34,31.0,31.0
8,8,8,33,33,31.0,31.0
9,9,9,33,29,31.0,31.0
10,10,10,33,28,31.0,31.0
11,11,11,34,34,31.0,31.0
12,12,12,28,33,31.0,31.0
13,13,13,29,28,31.0,31.0
14,14,14,29,29,31.0,30.0
15,15,15,29,29,31.0,30.0
16,16,16,29,33,31.0,30.0
17,17,17,34,33,31.0,30.0
18,18,18,29,33,31.0,30.0
19,19,19,33,28,31.0,30.0
20,20,20,29,29,31.0,30.0
21,21,21,29,33,31.0,30.0
22,22,22,29,29,31.0,30.0
23,23,23,29,29,31.0,30.0
24,24,24,29,28,30.0,30.0
25,25,25,29,28,30.0,30.0
26,26,26,28,28,30.0,30.0
27,27,27,33,28,30.0,30.0
28,28,28,29,28,30.0,30.0
29,29,29,29,28,30.0,30.0
30,30,30,29,28,30.0,30.0
31,31,31,28,28,30.0,30.0
32,32,32,29,28,30.0,30.0
33,33,33,29,28,30.0,30.0
34,34,34,28,33,30.0,30.0
35,35,35,29,33,30.0,30.0
36,36,36,29,33,30.0,30.0
37,37,37,28,29,30.0,30.0
38,38,38,29,28,30.0,30.0
39,39,39,28,28,30.0,30.0
40,40,40,29,28,30.0,30.0
41,41,41,28,28,30.0,30.0
42,42,42,28,33,30.0,30.0
43,43,43,29,33,30.0,30.0
44,44,44,29,28,30.0,30.0
45,45,45,29,28,30.0,30.0
46,46,46,33,28,30.0,29.0
47,47,47,29,28,30.0,29.0
48,48,48,29,28,30.0,29.0
49,49,49,29,29,30.0,29.0
50,50,50,29,28,30.0,29.0
51,51,51,33,28,30.0,29.0
52,52,52,33,28,30.0,29.0
53,53,53,29,28,30.0,29.0
54,54,54,33,28,30.0,29.0
55,55,55,28,28,30.0,29.0
56,56,56,28,28,29.0,29.0
57,57,57,28,28,29.0,29.0
58,58,58,28,28,29.0,29.0
59,59,59,28,28,29.0,29.0
60,60,60,29,28,29.0,29.0
61,61,61,29,28,29.0,29.0
62,62,62,28,28,29.0,29.0
63,63,63,28,28,29.0,29.0
64,64,64,29,28,29.0,29.0
65,65,65,29,28,29.0,29.0
66,66,66,34,28,29.0,29.0
67,67,67,29,28,29.0,29.0
68,68,68,28,28,29.0,29.0
69,69,69,33,28,29.0,29.0
70,70,70,28,28,29.0,29.0
71,71,71,29,28,29.0,29.0
72,72,72,29,28,29.0,29.0
73,73,73,33,28,29.0,29.0
74,74,74,29,28,29.0,29.0
75,75,75,28,28,29.0,29.0
76,76,76,33,28,29.0,29.0
77,77,77,28,28,29.0,29.0
78,78,78,28,28,29.0,29.0
79,79,79,29,29,29.0,29.0
80,80,80,28,28,29.0,29.0
81,81,81,29,28,29.0,29.0
82,82,82,29,28,29.0,29.0
83,83,83,28,33,29.0,29.0
84,84,84,28,28,29.0,29.0
85,85,85,29,28,29.0,29.0
86,86,86,33,28,29.0,29.0
87,87,87,33,28,29.0,29.0
88,88,88,29,28,29.0,29.0
89,89,89,28,28,29.0,29.0
90,90,90,28,28,29.0,29.0
91,91,91,28,29,29.0,29.0
92,92,92,29,29,29.0,29.0
93,93,93,29,29,29.0,29.0
94,94,94,29,34,29.0,29.0
95,95,95,28,33,29.0,29.0
96,96,96,28,28,29.0,29.0
97,97,97,28,28,29.0,29.0
98,98,98,29,28,29.0,29.0
99,99,99,29,29,29.0,29.0
100,100,100,33,34,29.0,29.0
101,101,101,28,29,29.0,29.0
102,102,102,28,29,29.0,29.0
103,103,103,28,33,29.0,29.0
104,104,104,28,29,29.0,29.0
105,105,105,28,28,29.0,29.0
106,106,106,28,33,29.0,29.0
107,107,107,28,34,29.0,29.0
108,108,108,28,34,29.0,29.0
109,109,109,28,34,29.0,29.0
110,110,110,28,29,29.0,29.0
111,111,111,28,34,29.0,29.0
112,112,112,28,28,29.0,29.0
113,113,113,28,33,29.0,29.0
114,114,114,28,29,29.0,29.0
115,115,115,28,29,29.0,29.0
116,116,116,28,29,29.0,29.0
117,117,117,29,29,29.0,29.0
118,118,118,29,29,29.0,29.0
119,119,119,28,29,29.0,29.0
120,120,120,28,34,28.0,29.0
121,121,121,28,29,28.0,29.0
122,122,122,28,29,28.0,29.0
123,123,123,28,28,28.0,29.0
124,124,124,28,29,28.0,29.0
125,125,125,28,29,28.0,29.0
126,126,126,28,28,28.0,29.0
127,127,127,28,29,28.0,29.0
128,128,128,28,29,28.0,29.0
129,129,129,28,34,28.0,29.0
130,130,130,28,34,28.0,29.0
131,131,131,28,28,28.0,29.0
132,132,132,29,28,28.0,29.0
133,133,133,29,28,28.0,29.0
134,134,134,29,28,28.0,29.0
135,135,135,29,29,28.0,29.0
136,136,136,29,28,28.0,29.0
137,137,137,29,29,28.0,29.0
138,138,138,29,28,28.0,29.0
139,139,139,33,28,28.0,29.0
140,140,140,28,28,28.0,29.0
141,141,141,29,28,28.0,29.0
142,142,142,29,28,28.0,29.0
143,143,143,28,28,28.0,29.0
144,144,144,28,28,28.0,29.0
145,145,145,28,33,28.0,29.0
146,146,146,28,28,28.0,29.0
147,147,147,28,34,28.0,29.0
148,148,148,28,28,28.0,29.0
149,149,149,28,28,28.0,29.0
150,150,150,27,34,28.0,29.0
151,151,151,27,29,27.0,29.0
152,152,152,28,28,27.0,29.0
153,153,153,28,28,27.0,29.0
154,154,154,28,32,27.0,29.0
155,155,155,28,28,27.0,29.0
156,156,156,28,28,27.0,29.0
157,157,157,28,28,27.0,29.0
158,158,158,27,34,27.0,29.0
159,159,159,28,28,27.0,29.0
160,160,160,28,28,27.0,29.0
161,161,161,28,28,27.0,29.0
162,162,162,28,28,27.0,29.0
163,163,163,28,28,27.0,29.0
164,164,164,28,33,27.0,29.0
165,165,165,28,28,27.0,29.0
166,166,166,27,28,27.0,29.0
167,167,167,27,29,27.0,29.0
168,168,168,27,28,27.0,29.0
169,169,169,27,28,27.0,29.0
170,170,170,27,28,27.0,29.0
171,171,171,27,28,27.0,29.0
172,172,172,28,28,27.0,29.0
173,173,173,28,28,27.0,29.0
174,174,174,28,28,27.0,29.0
175,175,175,28,28,27.0,29.0
176,176,176,27,28,27.0,29.0
177,177,177,28,28,27.0,29.0
178,178,178,24,28,27.0,29.0
179,179,179,27,29,27.0,29.0
180,180,180,23,28,27.0,29.0
181,181,181,24,29,27.0,29.0
182,182,182,24,28,27.0,29.0
183,183,183,27,28,27.0,29.0
184,184,184,27,28,26.0,29.0
185,185,185,27,28,26.0,29.0
186,186,186,27,29,26.0,29.0
187,187,187,26,28,26.0,29.0
188,188,188,27,28,26.0,29.0
189,189,189,26,28,26.0,29.0
190,190,190,23,28,26.0,29.0
191,191,191,27,28,26.0,29.0
192,192,192,27,28,26.0,29.0
193,193,193,27,28,26.0,29.0
194,194,194,24,28,26.0,29.0
195,195,195,23,28,26.0,29.0
196,196,196,23,28,26.0,29.0
197,197,197,23,28,26.0,29.0
198,198,198,27,28,26.0,29.0
199,199,199,27,28,26.0,29.0
200,200,200,23,28,26.0,29.0
201,201,201,23,28,26.0,29.0
202,202,202,23,28,26.0,29.0
203,203,203,23,28,26.0,29.0
204,204,204,24,28,26.0,29.0
205,205,205,27,28,26.0,29.0
206,206,206,23,28,26.0,29.0
207,207,207,27,28,26.0,29.0
208,208,208,23,28,26.0,29.0
209,209,209,23,29,26.0,29.0
210,210,210,27,28,26.0,29.0
211,211,211,27,28,26.0,29.0
212,212,212,27,29,26.0,29.0
213,213,213,27,28,26.0,29.0
214,214,214,24,28,26.0,29.0
215,215,215,27,28,26.0,29.0
216,216,216,27,28,26.0,29.0
217,217,217,26,28,26.0,30.0
218,218,218,27,29,26.0,30.0
219,219,219,23,29,26.0,30.0
220,220,220,27,34,26.0,30.0
221,221,221,24,29,26.0,30.0
222,222,222,23,29,26.0,30.0
223,223,223,27,29,26.0,30.0
224,224,224,26,33,26.0,30.0
225,225,225,23,29,26.0,30.0
226,226,226,28,33,26.0,30.0
227,227,227,24,29,26.0,30.0
228,228,228,24,29,26.0,30.0
229,229,229,24,29,26.0,30.0
230,230,230,26,29,26.0,30.0
231,231,231,27,28,26.0,30.0
232,232,232,27,34,26.0,30.0
233,233,233,26,34,26.0,30.0
234,234,234,24,29,26.0,30.0
235,235,235,27,33,26.0,30.0
236,236,236,26,28,26.0,30.0
237,237,237,26,28,26.0,30.0
238,238,238,25,33,26.0,30.0
239,239,239,27,29,26.0,30.0
240,240,240,27,28,26.0,30.0
241,241,241,27,29,26.0,30.0
242,242,242,28,33,26.0,30.0
243,243,243,27,34,26.0,30.0
244,244,244,27,33,26.0,30.0
245,245,245,27,28,27.0,30.0
246,246,246,27,28,27.0,30.0
247,247,247,28,29,27.0,30.0
248,248,248,27,29,27.0,30.0
249,249,249,28,29,27.0,30.0
250,250,250,28,34,27.0,30.0
251,251,251,28,33,27.0,30.0
252,252,252,28,33,27.0,30.0
253,253,253,28,29,27.0,30.0
254,254,254,27,33,27.0,30.0
255,255,255,28,33,27.0,30.0
256,256,256,27,29,27.0,30.0
257,257,257,27,33,27.0,30.0
258,258,258,28,34,27.0,30.0
259,259,259,28,34,27.0,30.0
260,260,260,27,33,27.0,30.0
261,261,261,27,33,27.0,30.0
262,262,262,28,29,27.0,30.0
263,263,263,27,33,27.0,30.0
264,264,264,27,29,27.0,30.0
265,265,265,28,33,27.0,30.0
266,266,266,28,33,27.0,30.0
267,267,267,27,33,27.0,30.0
268,268,268,28,28,27.0,30.0
269,269,269,28,29,27.0,30.0
270,270,270,27,29,27.0,30.0
271,271,271,27,29,27.0,30.0
272,272,272,27,29,27.0,30.0
273,273,273,27,33,27.0,30.0
274,274,274,27,28,27.0,30.0
275,275,275,27,33,27.0,30.0
276,276,276,28,29,27.0,30.0
277,277,277,27,33,27.0,30.0
278,278,278,28,29,27.0,30.0
279,279,279,27,34,27.0,30.0
280,280,280,28,29,27.0,30.0
281,281,281,27,33,27.0,30.0
282,282,282,28,33,27.0,30.0
283,283,283,28,29,27.0,30.0
284,284,284,28,28,27.0,30.0
285,285,285,27,29,27.0,30.0
286,286,286,27,29,27.0,30.0
287,287,287,28,29,27.0,30.0
288,288,288,28,28,27.0,30.0
289,289,289,28,28,27.0,30.0
290,290,290,28,28,27.0,30.0
291,291,291,32,28,27.0,30.0
292,292,292,28,28,27.0,30.0
293,293,293,28,28,27.0,30.0
294,294,294,27,29,27.0,30.0
295,295,295,27,33,27.0,30.0
296,296,296,27,29,27.0,30.0
297,297,297,28,29,27.0,30.0
298,298,298,28,29,27.0,30.0
299,299,299,27,29,27.0,30.0
300,300,300,27,29,27.0,30.0
301,301,301,28,29,27.0,29.0
302,302,302,27,29,27.0,29.0
303,303,303,27,28,27.0,29.0
304,304,304,27,29,27.0,29.0
305,305,305,28,29,27.0,29.0
306,306,306,27,29,27.0,29.0
307,307,307,27,29,27.0,29.0
308,308,308,27,28,27.0,29.0
309,309,309,27,29,27.0,29.0
310,310,310,27,33,27.0,29.0
311,311,311,27,29,27.0,29.0
312,312,312,27,33,27.0,29.0
313,313,313,27,29,27.0,29.0
314,314,314,27,29,27.0,29.0
315,315,315,27,29,27.0,29.0
316,316,316,28,29,27.0,29.0
317,317,317,27,28,27.0,29.0
318,318,318,27,29,27.0,29.0
319,319,319,27,28,27.0,29.0
320,320,320,28,29,27.0,29.0
321,321,321,28,29,27.0,29.0
322,322,322,27,29,27.0,29.0
323,323,323,28,29,27.0,29.0
324,324,324,27,28,27.0,29.0
325,325,325,27,28,27.0,29.0
326,326,326,27,28,27.0,29.0
327,327,327,27,28,27.0,29.0
328,328,328,27,28,27.0,29.0
329,329,329,27,28,27.0,29.0
330,330,330,27,28,27.0,29.0
331,331,331,27,28,27.0,29.0
332,332,332,27,28,27.0,29.0
333,333,333,27,28,27.0,29.0
334,334,334,27,28,27.0,29.0
335,335,335,27,28,27.0,29.0
336,336,336,27,28,27.0,29.0
337,337,337,27,28,27.0,29.0
338,338,338,27,28,27.0,29.0
339,339,339,28,28,27.0,29.0
340,340,340,27,28,27.0,29.0
341,341,341,28,28,27.0,29.0
342,342,342,27,28,27.0,29.0
343,343,343,27,28,27.0,29.0
344,344,344,28,28,27.0,29.0
345,345,345,27,28,27.0,29.0
346,346,346,28,28,27.0,29.0
347,347,347,27,28,27.0,29.0
348,348,348,27,28,27.0,29.0
349,349,349,28,28,27.0,29.0
350,350,350,27,28,27.0,29.0
351,351,351,27,28,27.0,29.0
352,352,352,27,28,27.0,29.0
353,353,353,28,28,27.0,29.0
354,354,354,28,28,27.0,29.0
355,355,355,27,28,27.0,29.0
356,356,356,27,28,27.0,29.0
357,357,357,28,28,27.0,29.0
358,358,358,27,28,27.0,29.0
359,359,359,28,33,27.0,29.0
360,360,360,28,28,27.0,29.0
361,361,361,28,33,27.0,29.0
362,362,362,28,28,27.0,29.0
363,363,363,28,28,27.0,28.0
364,364,364,28,28,27.0,28.0
365,365,365,28,28,27.0,28.0
366,366,366,28,28,27.0,28.0
367,367,367,28,28,27.0,28.0
368,368,368,27,28,27.0,28.0
369,369,369,28,28,28.0,28.0
370,370,370,28,28,28.0,28.0
371,371,371,28,28,28.0,28.0
372,372,372,27,28,28.0,28.0
373,373,373,28,28,28.0,28.0
374,374,374,27,29,28.0,28.0
375,375,375,27,28,28.0,28.0
376,376,376,28,28,28.0,28.0
377,377,377,28,33,28.0,28.0
378,378,378,28,28,28.0,28.0
379,379,379,28,29,28.0,28.0
380,380,380,27,28,28.0,28.0
381,381,381,28,28,28.0,28.0
382,382,382,27,29,28.0,28.0
383,383,383,27,29,28.0,28.0
384,384,384,27,29,28.0,28.0
385,385,385,28,29,28.0,28.0
386,386,386,27,29,28.0,28.0
387,387,387,31,28,28.0,28.0
388,388,388,27,28,28.0,28.0
389,389,389,28,29,28.0,28.0
390,390,390,28,29,28.0,28.0
391,391,391,28,29,28.0,28.0
392,392,392,27,29,28.0,28.0
393,393,393,27,29,28.0,28.0
394,394,394,27,28,28.0,28.0
395,395,395,27,28,28.0,28.0
396,396,396,27,28,28.0,28.0
397,397,397,28,29,28.0,28.0
398,398,398,27,28,28.0,29.0
399,399,399,28,29,28.0,29.0
400,400,400,28,28,28.0,29.0
401,401,401,27,28,28.0,29.0
402,402,402,28,28,28.0,29.0
403,403,403,28,28,28.0,29.0
404,404,404,27,28,28.0,29.0
405,405,405,27,28,28.0,29.0
406,406,406,28,28,28.0,29.0
407,407,407,27,28,28.0,29.0
408,408,408,27,33,28.0,29.0
409,409,409,28,28,28.0,29.0
410,410,410,27,33,28.0,29.0
411,411,411,28,29,28.0,29.0
412,412,412,27,29,28.0,28.0
413,413,413,27,28,28.0,28.0
414,414,414,28,29,28.0,28.0
415,415,415,27,28,28.0,28.0
416,416,416,27,29,28.0,28.0
417,417,417,28,28,28.0,28.0
418,418,418,28,28,28.0,28.0
419,419,419,32,28,28.0,28.0
420,420,420,27,28,28.0,28.0
421,421,421,28,28,28.0,28.0
422,422,422,27,28,28.0,28.0
423,423,423,32,28,28.0,28.0
424,424,424,33,28,28.0,28.0
425,425,425,28,28,28.0,28.0
426,426,426,27,28,28.0,28.0
427,427,427,28,28,28.0,29.0
428,428,428,28,28,28.0,28.0
429,429,429,28,28,28.0,28.0
430,430,430,28,28,28.0,28.0
431,431,431,27,33,28.0,28.0
432,432,432,27,28,28.0,28.0
433,433,433,28,28,28.0,28.0
434,434,434,28,28,28.0,28.0
435,435,435,28,28,28.0,28.0
436,436,436,28,28,28.0,28.0
437,437,437,27,28,28.0,28.0
438,438,438,28,29,28.0,28.0
439,439,439,28,28,28.0,28.0
440,440,440,28,28,28.0,28.0
441,441,441,27,28,28.0,28.0
442,442,442,28,28,28.0,28.0
443,443,443,28,29,28.0,28.0
444,444,444,28,28,28.0,28.0
445,445,445,27,28,28.0,28.0
446,446,446,27,28,28.0,28.0
447,447,447,28,28,28.0,28.0
448,448,448,28,29,28.0,28.0
449,449,449,28,28,28.0,28.0
450,450,450,27,28,28.0,28.0
451,451,451,27,28,28.0,28.0
452,452,452,28,28,28.0,28.0
453,453,453,27,28,28.0,28.0
454,454,454,32,28,28.0,28.0
455,455,455,28,28,28.0,28.0
456,456,456,27,28,28.0,28.0
457,457,457,27,28,28.0,28.0
458,458,458,27,28,28.0,28.0
459,459,459,28,33,28.0,28.0
460,460,460,28,28,28.0,28.0
461,461,461,27,28,28.0,28.0
462,462,462,27,28,28.0,28.0
463,463,463,27,28,28.0,28.0
464,464,464,28,29,28.0,28.0
465,465,465,27,28,28.0,28.0
466,466,466,28,28,28.0,28.0
467,467,467,27,29,28.0,28.0
468,468,468,27,28,28.0,28.0
469,469,469,27,28,28.0,28.0
470,470,470,28,28,28.0,28.0
471,471,471,28,28,28.0,28.0
472,472,472,27,28,28.0,28.0
473,473,473,28,28,28.0,28.0
474,474,474,28,28,28.0,28.0
475,475,475,27,28,28.0,28.0
476,476,476,27,28,28.0,28.0
477,477,477,28,33,28.0,28.0
478,478,478,27,28,28.0,28.0
479,479,479,33,28,28.0,28.0
480,480,480,28,28,28.0,28.0
481,481,481,27,28,28.0,28.0
482,482,482,32,28,28.0,28.0
483,483,483,32,28,28.0,28.0
484,484,484,32,28,28.0,28.0
485,485,485,28,28,28.0,28.0
486,486,486,27,28,28.0,28.0
487,487,487,32,28,28.0,28.0
488,488,488,28,28,28.0,28.0
489,489,489,27,28,28.0,28.0
490,490,490,27,28,28.0,28.0
491,491,491,28,28,28.0,28.0
492,492,492,28,28,28.0,28.0
493,493,493,28,28,28.0,28.0
494,494,494,27,28,28.0,28.0
495,495,495,27,28,28.0,28.0
496,496,496,27,28,28.0,28.0
497,497,497,28,28,28.0,28.0
498,498,498,28,28,28.0,28.0
499,499,499,27,28,28.0,28.0
500,500,500,27,28,28.0,28.0
501,501,501,27,28,28.0,28.0
502,502,502,27,28,28.0,28.0
503,503,503,27,28,28.0,28.0
504,504,504,27,28,28.0,28.0
505,505,505,27,28,28.0,28.0
506,506,506,27,28,27.0,28.0
507,507,507,27,28,27.0,28.0
508,508,508,27,28,27.0,28.0
509,509,509,27,28,27.0,28.0
510,510,510,27,28,27.0,28.0
511,511,511,27,28,27.0,28.0
512,512,512,27,28,28.0,28.0
513,513,513,27,29,28.0,28.0
514,514,514,27,28,28.0,28.0
515,515,515,27,28,28.0,28.0
516,516,516,27,28,28.0,28.0
517,517,517,27,28,28.0,28.0
518,518,518,28,28,28.0,28.0
519,519,519,28,28,28.0,28.0
520,520,520,27,28,28.0,28.0
521,521,521,28,28,28.0,28.0
522,522,522,27,28,28.0,28.0
523,523,523,27,28,28.0,28.0
524,524,524,28,28,28.0,28.0
525,525,525,27,28,27.0,28.0
526,526,526,27,28,27.0,28.0
527,527,527,27,28,27.0,28.0
528,528,528,27,28,27.0,28.0
529,529,529,27,28,27.0,28.0
530,530,530,28,28,27.0,28.0
531,531,531,27,28,27.0,28.0
532,532,532,27,28,27.0,28.0
533,533,533,24,28,27.0,28.0
534,534,534,27,28,27.0,28.0
535,535,535,27,28,27.0,28.0
536,536,536,27,28,27.0,28.0
537,537,537,27,28,27.0,28.0
538,538,538,27,28,27.0,28.0
539,539,539,27,28,27.0,28.0
540,540,540,27,28,27.0,28.0
541,541,541,27,28,27.0,28.0
542,542,542,27,28,27.0,28.0
543,543,543,27,28,27.0,28.0
544,544,544,28,28,27.0,28.0
545,545,545,27,28,27.0,28.0
546,546,546,27,28,27.0,28.0
547,547,547,28,28,27.0,28.0
548,548,548,28,28,27.0,28.0
549,549,549,27,28,27.0,28.0
550,550,550,27,28,27.0,28.0
551,551,551,28,28,27.0,28.0
552,552,552,27,28,27.0,28.0
553,553,553,27,28,27.0,28.0
554,554,554,27,28,27.0,28.0
555,555,555,28,28,27.0,28.0
556,556,556,27,28,27.0,28.0
557,557,557,27,28,27.0,28.0
558,558,558,27,28,27.0,28.0
559,559,559,27,28,27.0,28.0
560,560,560,28,28,27.0,28.0
561,561,561,27,28,27.0,28.0
562,562,562,32,28,27.0,28.0
563,563,563,27,28,27.0,28.0
564,564,564,27,28,27.0,28.0
565,565,565,28,28,27.0,28.0
566,566,566,28,28,27.0,28.0
567,567,567,27,28,27.0,28.0
568,568,568,27,28,27.0,28.0
569,569,569,27,28,27.0,28.0
570,570,570,27,28,27.0,28.0
571,571,571,27,28,27.0,28.0
572,572,572,27,28,27.0,28.0
573,573,573,27,28,27.0,28.0
574,574,574,27,28,27.0,28.0
575,575,575,27,28,27.0,28.0
576,576,576,27,28,27.0,28.0
577,577,577,27,28,27.0,28.0
578,578,578,27,28,27.0,28.0
579,579,579,27,28,27.0,28.0
580,580,580,32,28,27.0,28.0
581,581,581,28,28,27.0,28.0
582,582,582,28,28,27.0,28.0
583,583,583,32,28,27.0,28.0
584,584,584,27,28,27.0,28.0
585,585,585,27,29,27.0,28.0
586,586,586,27,28,27.0,28.0
587,587,587,27,28,27.0,28.0
588,588,588,26,28,27.0,28.0
589,589,589,26,28,27.0,28.0
590,590,590,26,28,27.0,28.0
591,591,591,26,28,27.0,28.0
592,592,592,26,28,27.0,28.0
593,593,593,26,28,27.0,28.0
594,594,594,26,28,27.0,28.0
595,595,595,26,28,27.0,28.0
596,596,596,26,28,27.0,28.0
597,597,597,26,28,27.0,28.0
598,598,598,26,28,27.0,28.0
599,599,599,26,28,27.0,28.0
600,600,600,27,28,27.0,28.0
601,601,601,26,28,27.0,28.0
602,602,602,26,28,27.0,28.0
603,603,603,27,28,27.0,28.0
604,604,604,27,28,27.0,28.0
605,605,605,27,28,27.0,28.0
606,606,606,27,29,27.0,28.0
607,607,607,27,28,27.0,28.0
608,608,608,27,28,27.0,28.0
609,609,609,27,28,27.0,28.0
610,610,610,26,28,27.0,28.0
611,611,611,27,28,27.0,28.0
612,612,612,27,28,27.0,28.0
613,613,613,26,28,27.0,28.0
614,614,614,24,28,27.0,28.0
615,615,615,27,28,27.0,28.0
616,616,616,26,28,27.0,28.0
617,617,617,26,28,27.0,28.0
618,618,618,25,28,27.0,28.0
619,619,619,26,28,27.0,28.0
620,620,620,27,28,27.0,28.0
621,621,621,27,28,27.0,28.0
622,622,622,27,29,27.0,28.0
623,623,623,27,28,27.0,28.0
624,624,624,27,28,27.0,28.0
625,625,625,27,28,27.0,28.0
626,626,626,27,28,27.0,28.0
627,627,627,28,28,27.0,28.0
628,628,628,27,28,27.0,28.0
629,629,629,27,28,27.0,28.0
630,630,630,27,28,27.0,28.0
631,631,631,28,28,27.0,28.0
632,632,632,28,28,27.0,28.0
633,633,633,28,28,27.0,28.0
634,634,634,27,28,27.0,28.0
635,635,635,27,28,27.0,28.0
636,636,636,28,28,27.0,28.0
637,637,637,28,28,27.0,28.0
638,638,638,28,28,27.0,28.0
639,639,639,27,28,27.0,28.0
640,640,640,27,29,27.0,28.0
641,641,641,28,28,27.0,28.0
642,642,642,32,28,27.0,28.0
643,643,643,32,28,27.0,28.0
644,644,644,27,28,27.0,28.0
645,645,645,27,28,27.0,28.0
646,646,646,27,28,27.0,28.0
647,647,647,32,28,27.0,28.0
648,648,648,28,28,27.0,28.0
649,649,649,28,28,27.0,28.0
650,650,650,27,28,27.0,28.0
651,651,651,27,28,27.0,28.0
652,652,652,32,28,27.0,28.0
653,653,653,32,28,27.0,28.0
654,654,654,28,28,27.0,28.0
655,655,655,27,28,27.0,28.0
656,656,656,27,28,27.0,28.0
657,657,657,27,28,27.0,28.0
658,658,658,27,28,27.0,28.0
659,659,659,28,28,28.0,28.0
660,660,660,28,28,28.0,28.0
661,661,661,28,28,28.0,28.0
662,662,662,32,28,28.0,28.0
663,663,663,28,28,28.0,28.0
664,664,664,28,28,28.0,28.0
665,665,665,27,28,28.0,28.0
666,666,666,27,28,28.0,28.0
667,667,667,27,28,28.0,28.0
668,668,668,28,28,28.0,28.0
669,669,669,28,28,28.0,28.0
670,670,670,28,28,28.0,28.0
671,671,671,27,28,28.0,28.0
672,672,672,28,28,28.0,28.0
673,673,673,27,28,28.0,28.0
674,674,674,27,28,28.0,28.0
675,675,675,27,28,28.0,28.0
676,676,676,27,28,28.0,28.0
677,677,677,27,28,28.0,28.0
678,678,678,27,28,28.0,28.0
679,679,679,28,28,28.0,28.0
680,680,680,27,28,28.0,28.0
681,681,681,27,28,28.0,28.0
682,682,682,28,28,28.0,28.0
683,683,683,28,28,28.0,28.0
684,684,684,27,28,28.0,28.0
685,685,685,27,28,28.0,28.0
686,686,686,28,28,28.0,28.0
687,687,687,28,28,28.0,28.0
688,688,688,27,28,28.0,28.0
689,689,689,27,28,28.0,28.0
690,690,690,27,28,28.0,28.0
691,691,691,27,28,28.0,28.0
692,692,692,27,28,28.0,28.0
693,693,693,27,28,28.0,28.0
694,694,694,27,28,28.0,28.0
695,695,695,27,28,28.0,28.0
696,696,696,27,28,28.0,28.0
697,697,697,27,28,28.0,28.0
698,698,698,28,28,28.0,28.0
699,699,699,27,28,28.0,28.0
700,700,700,27,28,28.0,28.0
701,701,701,27,28,28.0,28.0
702,702,702,27,28,28.0,28.0
703,703,703,27,28,28.0,28.0
704,704,704,27,28,27.0,28.0
705,705,705,28,28,27.0,28.0
706,706,706,28,28,27.0,28.0
707,707,707,28,28,27.0,28.0
708,708,708,28,28,27.0,28.0
709,709,709,28,28,27.0,28.0
710,710,710,27,28,27.0,28.0
711,711,711,27,28,27.0,28.0
712,712,712,27,28,27.0,28.0
713,713,713,33,28,27.0,28.0
714,714,714,28,28,27.0,28.0
715,715,715,27,28,27.0,28.0
716,716,716,27,28,27.0,28.0
717,717,717,27,28,27.0,28.0
718,718,718,28,28,27.0,28.0
719,719,719,27,29,27.0,28.0
720,720,720,27,32,27.0,28.0
721,721,721,27,28,27.0,28.0
722,722,722,28,29,27.0,28.0
723,723,723,28,28,27.0,28.0
724,724,724,27,28,27.0,28.0
725,725,725,27,28,27.0,28.0
726,726,726,27,28,27.0,28.0
727,727,727,28,29,27.0,28.0
728,728,728,28,28,27.0,28.0
729,729,729,28,28,27.0,28.0
730,730,730,28,29,27.0,28.0
731,731,731,28,28,27.0,28.0
732,732,732,27,28,27.0,28.0
733,733,733,27,28,27.0,28.0
734,734,734,27,28,27.0,28.0
735,735,735,27,28,27.0,28.0
736,736,736,28,28,28.0,28.0
737,737,737,28,28,27.0,28.0
738,738,738,27,28,27.0,28.0
739,739,739,28,28,28.0,28.0
740,740,740,27,28,28.0,28.0
741,741,741,27,28,28.0,28.0
742,742,742,27,28,28.0,28.0
743,743,743,28,28,28.0,28.0
744,744,744,27,28,28.0,28.0
745,745,745,28,28,28.0,28.0
746,746,746,28,29,28.0,28.0
747,747,747,28,29,28.0,28.0
748,748,748,27,28,28.0,28.0
749,749,749,27,28,28.0,28.0
750,750,750,27,28,28.0,28.0
751,751,751,27,28,28.0,28.0
752,752,752,27,28,28.0,28.0
753,753,753,28,29,28.0,28.0
754,754,754,28,29,28.0,28.0
755,755,755,27,29,28.0,28.0
756,756,756,27,28,28.0,28.0
757,757,757,27,28,28.0,28.0
758,758,758,28,28,28.0,28.0
759,759,759,27,28,28.0,28.0
760,760,760,28,28,28.0,28.0
761,761,761,28,29,28.0,28.0
762,762,762,28,28,28.0,28.0
763,763,763,28,28,28.0,28.0
764,764,764,27,28,28.0,28.0
765,765,765,27,28,28.0,28.0
766,766,766,28,28,28.0,28.0
767,767,767,27,28,28.0,28.0
768,768,768,28,28,28.0,28.0
769,769,769,28,33,28.0,28.0
770,770,770,28,29,28.0,28.0
771,771,771,28,28,28.0,28.0
772,772,772,28,28,28.0,28.0
773,773,773,28,28,28.0,28.0
774,774,774,28,28,28.0,28.0
775,775,775,27,28,28.0,28.0
776,776,776,28,28,28.0,28.0
777,777,777,27,28,28.0,28.0
778,778,778,27,28,28.0,28.0
779,779,779,28,28,28.0,28.0
780,780,780,27,28,28.0,28.0
781,781,781,27,28,28.0,28.0
782,782,782,28,28,28.0,28.0
783,783,783,28,28,27.0,28.0
784,784,784,28,28,27.0,28.0
785,785,785,27,29,27.0,28.0
786,786,786,28,28,27.0,28.0
787,787,787,27,28,27.0,28.0
788,788,788,28,28,27.0,28.0
789,789,789,28,28,28.0,28.0
790,790,790,28,28,27.0,28.0
791,791,791,28,28,27.0,28.0
792,792,792,27,28,28.0,28.0
793,793,793,28,28,28.0,28.0
794,794,794,28,28,27.0,28.0
795,795,795,28,28,28.0,28.0
796,796,796,28,28,27.0,28.0
797,797,797,27,28,27.0,28.0
798,798,798,28,28,27.0,28.0
799,799,799,28,28,27.0,28.0
800,800,800,27,28,27.0,28.0
801,801,801,27,28,27.0,28.0
802,802,802,28,28,27.0,28.0
803,803,803,27,28,27.0,28.0
804,804,804,27,28,27.0,28.0
805,805,805,27,28,27.0,28.0
806,806,806,27,28,27.0,28.0
807,807,807,28,28,28.0,28.0
808,808,808,28,29,28.0,28.0
809,809,809,28,28,28.0,28.0
810,810,810,28,28,28.0,28.0
811,811,811,28,28,28.0,28.0
812,812,812,28,28,28.0,28.0
813,813,813,27,28,28.0,28.0
814,814,814,28,28,28.0,28.0
815,815,815,27,29,28.0,28.0
816,816,816,28,33,28.0,28.0
817,817,817,27,28,28.0,28.0
818,818,818,28,28,28.0,28.0
819,819,819,27,28,28.0,28.0
820,820,820,28,28,28.0,28.0
821,821,821,27,29,28.0,28.0
822,822,822,28,28,28.0,28.0
823,823,823,27,29,28.0,28.0
824,824,824,28,28,28.0,28.0
825,825,825,27,29,28.0,28.0
826,826,826,28,28,28.0,28.0
827,827,827,27,28,28.0,28.0
828,828,828,27,28,28.0,28.0
829,829,829,27,28,28.0,28.0
830,830,830,27,28,28.0,28.0
831,831,831,27,28,28.0,28.0
832,832,832,27,28,28.0,28.0
833,833,833,24,28,28.0,28.0
834,834,834,27,28,28.0,28.0
835,835,835,27,28,28.0,28.0
836,836,836,26,28,28.0,28.0
837,837,837,27,28,28.0,29.0
838,838,838,27,29,28.0,29.0
839,839,839,32,28,28.0,29.0
840,840,840,27,28,28.0,29.0
841,841,841,27,28,28.0,29.0
842,842,842,28,33,28.0,29.0
843,843,843,27,29,28.0,29.0
844,844,844,27,28,28.0,29.0
845,845,845,28,28,28.0,29.0
846,846,846,27,29,28.0,29.0
847,847,847,27,28,28.0,29.0
848,848,848,28,28,28.0,29.0
849,849,849,27,29,28.0,29.0
850,850,850,27,29,28.0,29.0
851,851,851,27,29,28.0,29.0
852,852,852,28,29,28.0,29.0
853,853,853,27,29,28.0,29.0
854,854,854,27,29,28.0,29.0
855,855,855,28,29,28.0,29.0
856,856,856,28,29,28.0,29.0
857,857,857,28,28,28.0,29.0
858,858,858,28,29,28.0,29.0
859,859,859,28,29,28.0,29.0
860,860,860,32,29,28.0,29.0
861,861,861,28,29,28.0,29.0
862,862,862,28,29,28.0,29.0
863,863,863,28,29,27.0,29.0
864,864,864,28,28,27.0,29.0
865,865,865,28,29,27.0,29.0
866,866,866,33,29,27.0,29.0
867,867,867,27,33,27.0,29.0
868,868,868,27,29,27.0,29.0
869,869,869,27,28,27.0,29.0
870,870,870,27,29,27.0,29.0
871,871,871,27,29,27.0,29.0
872,872,872,28,28,27.0,29.0
873,873,873,28,28,27.0,29.0
874,874,874,28,28,27.0,29.0
875,875,875,27,29,27.0,29.0
876,876,876,27,29,27.0,29.0
877,877,877,28,28,27.0,29.0
878,878,878,27,29,27.0,29.0
879,879,879,28,29,27.0,29.0
880,880,880,28,29,27.0,29.0
881,881,881,27,28,27.0,29.0
882,882,882,28,28,27.0,29.0
883,883,883,28,28,27.0,29.0
884,884,884,27,29,28.0,29.0
885,885,885,27,29,28.0,29.0
886,886,886,27,29,28.0,29.0
887,887,887,28,29,28.0,29.0
888,888,888,27,29,28.0,29.0
889,889,889,27,29,28.0,29.0
890,890,890,27,28,28.0,29.0
891,891,891,28,29,28.0,29.0
892,892,892,27,29,28.0,29.0
893,893,893,27,29,28.0,29.0
894,894,894,27,29,28.0,29.0
895,895,895,27,28,28.0,29.0
896,896,896,27,29,28.0,29.0
897,897,897,27,29,28.0,29.0
898,898,898,27,28,28.0,29.0
899,899,899,28,29,28.0,29.0
900,900,900,27,29,28.0,29.0
901,901,901,28,29,28.0,29.0
902,902,902,28,28,28.0,29.0
903,903,903,28,28,28.0,29.0
904,904,904,27,29,28.0,29.0
905,905,905,28,28,28.0,29.0
906,906,906,27,29,28.0,29.0
907,907,907,28,29,28.0,29.0
908,908,908,27,29,28.0,29.0
909,909,909,28,28,28.0,29.0
910,910,910,27,29,28.0,29.0
911,911,911,27,29,28.0,29.0
912,912,912,27,29,28.0,29.0
913,913,913,27,29,28.0,29.0
914,914,914,27,29,28.0,29.0
915,915,915,27,29,28.0,29.0
916,916,916,27,29,28.0,29.0
917,917,917,28,29,27.0,29.0
918,918,918,27,29,28.0,29.0
919,919,919,27,29,28.0,29.0
920,920,920,27,29,28.0,29.0
921,921,921,27,29,28.0,29.0
922,922,922,28,29,28.0,29.0
923,923,923,28,29,28.0,29.0
924,924,924,27,29,28.0,29.0
925,925,925,27,29,28.0,29.0
926,926,926,27,33,28.0,29.0
927,927,927,27,28,28.0,29.0
928,928,928,27,28,28.0,29.0
929,929,929,28,29,28.0,29.0
930,930,930,27,29,27.0,29.0
931,931,931,28,29,27.0,29.0
932,932,932,27,29,27.0,29.0
933,933,933,28,29,27.0,29.0
934,934,934,28,29,27.0,29.0
935,935,935,28,29,27.0,29.0
936,936,936,27,29,27.0,29.0
937,937,937,28,28,27.0,29.0
938,938,938,27,28,27.0,29.0
939,939,939,27,28,27.0,29.0
940,940,940,27,28,27.0,29.0
941,941,941,28,28,27.0,29.0
942,942,942,28,28,27.0,29.0
943,943,943,28,29,27.0,29.0
944,944,944,27,28,27.0,29.0
945,945,945,27,29,27.0,29.0
946,946,946,28,29,27.0,29.0
947,947,947,27,29,27.0,29.0
948,948,948,27,28,27.0,29.0
949,949,949,28,29,27.0,29.0
950,950,950,32,29,27.0,29.0
951,951,951,28,29,27.0,29.0
952,952,952,32,28,27.0,29.0
953,953,953,28,28,27.0,29.0
954,954,954,27,28,27.0,29.0
955,955,955,27,28,27.0,29.0
956,956,956,27,28,27.0,29.0
957,957,957,27,29,27.0,29.0
958,958,958,28,29,27.0,29.0
959,959,959,28,28,27.0,29.0
960,960,960,28,28,27.0,29.0
961,961,961,27,28,27.0,29.0
962,962,962,27,29,27.0,29.0
963,963,963,27,28,27.0,29.0
964,964,964,27,28,27.0,29.0
965,965,965,27,29,27.0,29.0
966,966,966,28,29,27.0,29.0
967,967,967,28,29,27.0,29.0
968,968,968,32,29,27.0,29.0
969,969,969,27,29,27.0,29.0
970,970,970,27,29,27.0,29.0
971,971,971,27,29,27.0,29.0
972,972,972,28,29,27.0,29.0
973,973,973,27,28,27.0,29.0
974,974,974,27,29,27.0,29.0
975,975,975,27,29,27.0,29.0
976,976,976,27,29,27.0,29.0
977,977,977,27,28,27.0,29.0
978,978,978,28,29,27.0,29.0
979,979,979,27,29,27.0,29.0
980,980,980,27,29,27.0,29.0
981,981,981,27,33,27.0,29.0
982,982,982,27,29,28.0,29.0
983,983,983,28,29,28.0,29.0
984,984,984,27,29,27.0,29.0
985,985,985,27,28,27.0,29.0
986,986,986,27,29,27.0,29.0
987,987,987,27,29,27.0,29.0
988,988,988,27,29,27.0,29.0
989,989,989,27,29,27.0,29.0
990,990,990,27,28,27.0,29.0
991,991,991,27,28,27.0,29.0
992,992,992,27,28,27.0,29.0
993,993,993,27,28,27.0,29.0
994,994,994,27,28,27.0,29.0
995,995,995,27,33,27.0,29.0
996,996,996,27,28,28.0,29.0
997,997,997,28,28,28.0,29.0
998,998,998,28,28,28.0,29.0
999,999,999,28,28,28.0,29.0
1000,1000,1000,27,28,28.0,29.0
1001,1001,1001,27,28,27.0,29.0
1002,1002,1002,28,28,27.0,29.0
1003,1003,1003,27,29,27.0,29.0
1004,1004,1004,28,29,27.0,29.0
1005,1005,1005,27,29,27.0,29.0
1006,1006,1006,27,33,27.0,29.0
1007,1007,1007,28,29,27.0,29.0
1008,1008,1008,27,29,27.0,29.0
1009,1009,1009,28,29,27.0,29.0
1010,1010,1010,27,29,27.0,29.0
1011,1011,1011,27,29,27.0,29.0
1012,1012,1012,27,29,27.0,29.0
1013,1013,1013,27,29,27.0,29.0
1014,1014,1014,27,28,27.0,29.0
1015,1015,1015,27,28,27.0,29.0
1016,1016,1016,28,29,27.0,29.0
1017,1017,1017,27,29,27.0,29.0
1018,1018,1018,27,29,27.0,29.0
1019,1019,1019,27,29,27.0,29.0
1020,1020,1020,28,29,27.0,29.0
1021,1021,1021,27,29,27.0,29.0
1022,1022,1022,28,29,27.0,28.0
1023,1023,1023,27,29,27.0,29.0
1024,1024,1024,27,29,27.0,29.0
1025,1025,1025,27,28,27.0,29.0
1026,1026,1026,28,28,27.0,29.0
1027,1027,1027,27,28,27.0,29.0
1028,1028,1028,27,28,27.0,29.0
1029,1029,1029,28,28,27.0,28.0
1030,1030,1030,27,28,27.0,28.0
1031,1031,1031,27,28,27.0,28.0
1032,1032,1032,32,28,27.0,28.0
1033,1033,1033,27,28,27.0,28.0
1034,1034,1034,27,28,27.0,28.0
1035,1035,1035,27,28,27.0,28.0
1036,1036,1036,27,28,27.0,28.0
1037,1037,1037,28,28,27.0,28.0
1038,1038,1038,27,28,27.0,28.0
1039,1039,1039,27,28,27.0,28.0
1040,1040,1040,28,28,27.0,28.0
1041,1041,1041,28,28,27.0,28.0
1042,1042,1042,27,28,27.0,28.0
1043,1043,1043,27,28,27.0,28.0
1044,1044,1044,27,28,27.0,28.0
1045,1045,1045,28,28,27.0,28.0
1046,1046,1046,32,28,27.0,28.0
1047,1047,1047,28,28,27.0,28.0
1048,1048,1048,28,28,27.0,28.0
1049,1049,1049,27,28,27.0,28.0
1050,1050,1050,27,28,27.0,28.0
1051,1051,1051,27,28,27.0,28.0
1052,1052,1052,27,28,27.0,28.0
1053,1053,1053,27,28,28.0,28.0
1054,1054,1054,28,28,28.0,28.0
1055,1055,1055,27,28,28.0,28.0
1056,1056,1056,28,28,28.0,28.0
1057,1057,1057,27,29,28.0,28.0
1058,1058,1058,27,28,28.0,28.0
1059,1059,1059,27,29,28.0,28.0
1060,1060,1060,27,28,28.0,28.0
1061,1061,1061,27,28,28.0,28.0
1062,1062,1062,27,28,28.0,28.0
1063,1063,1063,27,28,28.0,28.0
1064,1064,1064,27,28,28.0,28.0
1065,1065,1065,28,28,28.0,28.0
1066,1066,1066,27,28,28.0,28.0
1067,1067,1067,28,28,28.0,28.0
1068,1068,1068,27,28,28.0,28.0
1069,1069,1069,28,28,28.0,28.0
1070,1070,1070,28,28,28.0,28.0
1071,1071,1071,27,28,28.0,28.0
1072,1072,1072,28,28,28.0,28.0
1073,1073,1073,27,33,28.0,28.0
1074,1074,1074,27,28,28.0,28.0
1075,1075,1075,28,28,28.0,28.0
1076,1076,1076,28,28,28.0,28.0
1077,1077,1077,28,28,28.0,28.0
1078,1078,1078,27,28,28.0,28.0
1079,1079,1079,27,28,28.0,28.0
1080,1080,1080,27,28,28.0,28.0
1081,1081,1081,27,28,28.0,28.0
1082,1082,1082,27,28,28.0,28.0
1083,1083,1083,27,28,28.0,28.0
1084,1084,1084,27,28,28.0,28.0
1085,1085,1085,27,28,28.0,28.0
1086,1086,1086,27,28,28.0,28.0
1087,1087,1087,27,28,28.0,28.0
1088,1088,1088,28,28,28.0,28.0
1089,1089,1089,27,28,28.0,28.0
1090,1090,1090,28,29,28.0,28.0
1091,1091,1091,28,29,28.0,28.0
1092,1092,1092,28,29,28.0,28.0
1093,1093,1093,32,28,28.0,28.0
1094,1094,1094,28,28,28.0,28.0
1095,1095,1095,28,29,28.0,28.0
1096,1096,1096,27,28,28.0,28.0
1097,1097,1097,27,28,28.0,28.0
1098,1098,1098,28,29,28.0,28.0
1099,1099,1099,27,28,28.0,28.0
1100,1100,1100,27,28,28.0,28.0
1101,1101,1101,27,28,28.0,28.0
1102,1102,1102,28,28,28.0,28.0
1103,1103,1103,32,28,28.0,28.0
1104,1104,1104,27,29,28.0,28.0
1105,1105,1105,28,29,28.0,28.0
1106,1106,1106,28,28,28.0,28.0
1107,1107,1107,28,29,28.0,28.0
1108,1108,1108,27,29,28.0,28.0
1109,1109,1109,27,28,28.0,28.0
1110,1110,1110,27,28,28.0,28.0
1111,1111,1111,27,28,28.0,28.0
1112,1112,1112,27,28,28.0,28.0
1113,1113,1113,27,28,28.0,28.0
1114,1114,1114,27,28,28.0,28.0
1115,1115,1115,27,28,28.0,28.0
1116,1116,1116,27,28,28.0,28.0
1117,1117,1117,28,28,28.0,28.0
1118,1118,1118,27,28,28.0,28.0
1119,1119,1119,28,28,28.0,28.0
1120,1120,1120,28,28,28.0,28.0
1121,1121,1121,27,28,28.0,28.0
1122,1122,1122,27,28,28.0,28.0
1123,1123,1123,27,28,28.0,28.0
1124,1124,1124,27,28,28.0,28.0
1125,1125,1125,27,28,28.0,28.0
1126,1126,1126,27,28,28.0,28.0
1127,1127,1127,27,28,28.0,28.0
1128,1128,1128,27,28,28.0,28.0
1129,1129,1129,28,28,28.0,28.0
1130,1130,1130,32,28,28.0,28.0
1131,1131,1131,28,28,28.0,28.0
1132,1132,1132,27,28,28.0,28.0
1133,1133,1133,28,28,28.0,28.0
1134,1134,1134,27,28,28.0,28.0
1135,1135,1135,27,28,28.0,28.0
1136,1136,1136,31,28,28.0,28.0
1137,1137,1137,27,28,28.0,28.0
1138,1138,1138,27,28,28.0,28.0
1139,1139,1139,27,28,28.0,28.0
1140,1140,1140,28,28,28.0,28.0
1141,1141,1141,27,28,28.0,28.0
1142,1142,1142,27,28,28.0,28.0
1143,1143,1143,27,28,28.0,28.0
1144,1144,1144,28,28,28.0,28.0
1145,1145,1145,28,28,28.0,28.0
1146,1146,1146,28,28,28.0,28.0
1147,1147,1147,28,28,28.0,28.0
1148,1148,1148,27,28,28.0,28.0
1149,1149,1149,27,28,28.0,28.0
1150,1150,1150,27,28,28.0,28.0
1151,1151,1151,27,28,28.0,28.0
1152,1152,1152,28,28,28.0,28.0
1153,1153,1153,27,28,28.0,28.0
1154,1154,1154,28,28,28.0,28.0
1155,1155,1155,28,28,28.0,28.0
1156,1156,1156,27,28,28.0,28.0
1157,1157,1157,27,28,28.0,28.0
1158,1158,1158,28,28,28.0,28.0
1159,1159,1159,27,28,28.0,28.0
1160,1160,1160,27,28,28.0,28.0
1161,1161,1161,27,28,28.0,28.0
1162,1162,1162,28,28,28.0,28.0
1163,1163,1163,27,28,28.0,28.0
1164,1164,1164,27,28,28.0,28.0
1165,1165,1165,27,28,28.0,28.0
1166,1166,1166,27,28,28.0,28.0
1167,1167,1167,27,28,28.0,28.0
1168,1168,1168,28,28,28.0,28.0
1169,1169,1169,27,28,28.0,28.0
1170,1170,1170,32,28,28.0,28.0
1171,1171,1171,27,28,28.0,28.0
1172,1172,1172,28,28,28.0,28.0
1173,1173,1173,27,28,28.0,28.0
1174,1174,1174,27,28,28.0,28.0
1175,1175,1175,31,28,28.0,28.0
1176,1176,1176,27,28,28.0,28.0
1177,1177,1177,31,28,28.0,28.0
1178,1178,1178,27,28,28.0,28.0
1179,1179,1179,28,28,28.0,28.0
1180,1180,1180,27,28,28.0,28.0
1181,1181,1181,28,28,28.0,28.0
1182,1182,1182,27,28,28.0,28.0
1183,1183,1183,28,29,28.0,28.0
1184,1184,1184,27,29,28.0,28.0
1185,1185,1185,27,28,28.0,28.0
1186,1186,1186,27,29,28.0,28.0
1187,1187,1187,27,29,28.0,28.0
1188,1188,1188,28,29,28.0,28.0
1189,1189,1189,27,29,28.0,28.0
1190,1190,1190,27,28,28.0,28.0
1191,1191,1191,28,28,28.0,28.0
1192,1192,1192,28,28,28.0,28.0
1193,1193,1193,27,28,28.0,28.0
1194,1194,1194,28,28,28.0,28.0
1195,1195,1195,27,28,28.0,28.0
1196,1196,1196,27,28,28.0,28.0
1197,1197,1197,28,28,28.0,28.0
1198,1198,1198,27,28,28.0,28.0
1199,1199,1199,28,28,28.0,28.0
1200,1200,1200,28,29,28.0,28.0
1201,1201,1201,28,28,28.0,28.0
1202,1202,1202,28,28,28.0,28.0
1203,1203,1203,28,28,28.0,28.0
1204,1204,1204,27,28,28.0,28.0
1205,1205,1205,28,29,28.0,28.0
1206,1206,1206,27,29,28.0,28.0
1207,1207,1207,28,28,28.0,28.0
1208,1208,1208,27,29,28.0,28.0
1209,1209,1209,27,28,28.0,28.0
1210,1210,1210,28,28,28.0,28.0
1211,1211,1211,28,28,28.0,28.0
1212,1212,1212,28,28,28.0,28.0
1213,1213,1213,28,28,28.0,28.0
1214,1214,1214,27,28,28.0,28.0
1215,1215,1215,28,28,28.0,28.0
1216,1216,1216,32,28,28.0,28.0
1217,1217,1217,27,28,28.0,29.0
1218,1218,1218,27,28,28.0,29.0
1219,1219,1219,27,28,28.0,29.0
1220,1220,1220,27,28,28.0,29.0
1221,1221,1221,28,28,28.0,29.0
1222,1222,1222,32,28,28.0,29.0
1223,1223,1223,27,28,28.0,29.0
1224,1224,1224,27,28,28.0,29.0
1225,1225,1225,27,28,28.0,29.0
1226,1226,1226,27,28,28.0,29.0
1227,1227,1227,27,29,28.0,29.0
1228,1228,1228,28,28,28.0,29.0
1229,1229,1229,28,29,28.0,29.0
1230,1230,1230,27,29,28.0,29.0
1231,1231,1231,27,29,28.0,29.0
1232,1232,1232,27,29,28.0,29.0
1233,1233,1233,27,28,28.0,29.0
1234,1234,1234,27,29,28.0,29.0
1235,1235,1235,27,29,28.0,29.0
1236,1236,1236,27,29,28.0,29.0
1237,1237,1237,27,28,28.0,29.0
1238,1238,1238,27,28,28.0,29.0
1239,1239,1239,27,28,28.0,29.0
1240,1240,1240,27,28,28.0,29.0
1241,1241,1241,27,29,28.0,29.0
1242,1242,1242,27,28,28.0,29.0
1243,1243,1243,28,28,28.0,29.0
1244,1244,1244,28,29,28.0,29.0
1245,1245,1245,27,28,28.0,29.0
1246,1246,1246,28,29,28.0,29.0
1247,1247,1247,27,29,28.0,29.0
1248,1248,1248,28,33,28.0,29.0
1249,1249,1249,28,29,28.0,29.0
1250,1250,1250,28,28,28.0,29.0
1251,1251,1251,28,28,28.0,29.0
1252,1252,1252,32,28,28.0,29.0
1253,1253,1253,27,29,28.0,29.0
1254,1254,1254,32,33,28.0,29.0
1255,1255,1255,28,28,28.0,29.0
1256,1256,1256,27,28,28.0,29.0
1257,1257,1257,27,28,28.0,29.0
1258,1258,1258,28,33,28.0,29.0
1259,1259,1259,27,33,28.0,29.0
1260,1260,1260,27,29,28.0,29.0
1261,1261,1261,27,29,28.0,29.0
1262,1262,1262,27,28,28.0,29.0
1263,1263,1263,28,29,28.0,29.0
1264,1264,1264,27,29,28.0,29.0
1265,1265,1265,28,29,28.0,29.0
1266,1266,1266,27,29,28.0,29.0
1267,1267,1267,28,29,28.0,29.0
1268,1268,1268,28,28,28.0,29.0
1269,1269,1269,28,28,28.0,29.0
1270,1270,1270,28,29,28.0,29.0
1271,1271,1271,27,28,28.0,29.0
1272,1272,1272,27,29,28.0,29.0
1273,1273,1273,27,29,28.0,29.0
1274,1274,1274,28,28,28.0,29.0
1275,1275,1275,28,29,28.0,29.0
1276,1276,1276,28,29,28.0,29.0
1277,1277,1277,27,29,28.0,29.0
1278,1278,1278,27,33,28.0,29.0
1279,1279,1279,27,29,28.0,29.0
1280,1280,1280,28,28,28.0,29.0
1281,1281,1281,28,29,28.0,29.0
1282,1282,1282,28,29,28.0,29.0
1283,1283,1283,28,29,28.0,29.0
1284,1284,1284,28,29,28.0,29.0
1285,1285,1285,28,28,28.0,29.0
1286,1286,1286,28,29,28.0,29.0
1287,1287,1287,27,29,28.0,29.0
1288,1288,1288,27,29,28.0,29.0
1289,1289,1289,27,29,28.0,29.0
1290,1290,1290,28,29,28.0,29.0
1291,1291,1291,27,29,28.0,29.0
1292,1292,1292,28,29,28.0,29.0
1293,1293,1293,28,28,28.0,29.0
1294,1294,1294,27,29,28.0,29.0
1295,1295,1295,28,28,28.0,29.0
1296,1296,1296,27,29,28.0,29.0
1297,1297,1297,27,29,28.0,29.0
1298,1298,1298,27,29,28.0,29.0
1299,1299,1299,27,29,28.0,29.0
1300,1300,1300,27,28,28.0,29.0
1301,1301,1301,27,29,28.0,29.0
1302,1302,1302,28,28,28.0,29.0
1303,1303,1303,28,29,28.0,29.0
1304,1304,1304,28,28,28.0,29.0
1305,1305,1305,28,29,28.0,29.0
1306,1306,1306,27,28,28.0,29.0
1307,1307,1307,28,29,28.0,29.0
1308,1308,1308,27,29,28.0,29.0
1309,1309,1309,27,29,28.0,29.0
1310,1310,1310,27,29,28.0,29.0
1311,1311,1311,28,29,28.0,29.0
1312,1312,1312,32,33,28.0,29.0
1313,1313,1313,27,28,28.0,29.0
1314,1314,1314,27,28,28.0,29.0
1315,1315,1315,27,28,28.0,29.0
1316,1316,1316,28,29,28.0,29.0
1317,1317,1317,28,29,28.0,29.0
1318,1318,1318,27,29,28.0,29.0
1319,1319,1319,28,29,28.0,29.0
1320,1320,1320,28,29,28.0,29.0
1321,1321,1321,28,28,28.0,29.0
1322,1322,1322,27,29,28.0,29.0
1323,1323,1323,27,29,28.0,29.0
1324,1324,1324,28,28,28.0,29.0
1325,1325,1325,32,28,28.0,29.0
1326,1326,1326,27,28,28.0,29.0
1327,1327,1327,27,29,28.0,29.0
1328,1328,1328,28,28,28.0,29.0
1329,1329,1329,28,29,28.0,29.0
1330,1330,1330,27,33,28.0,29.0
1331,1331,1331,28,29,28.0,29.0
1332,1332,1332,32,28,28.0,29.0
1333,1333,1333,28,28,28.0,29.0
1334,1334,1334,27,29,28.0,29.0
1335,1335,1335,28,28,28.0,29.0
1336,1336,1336,27,28,28.0,29.0
1337,1337,1337,27,28,28.0,29.0
1338,1338,1338,32,28,28.0,29.0
1339,1339,1339,32,28,28.0,29.0
1340,1340,1340,28,28,28.0,29.0
1341,1341,1341,27,28,28.0,29.0
1342,1342,1342,27,28,28.0,29.0
1343,1343,1343,27,28,28.0,28.0
1344,1344,1344,28,28,28.0,28.0
1345,1345,1345,27,29,28.0,28.0
1346,1346,1346,27,29,28.0,28.0
1347,1347,1347,27,29,28.0,28.0
1348,1348,1348,27,28,28.0,28.0
1349,1349,1349,27,29,28.0,28.0
1350,1350,1350,27,29,28.0,28.0
1351,1351,1351,27,28,28.0,28.0
1352,1352,1352,27,28,28.0,28.0
1353,1353,1353,28,29,28.0,28.0
1354,1354,1354,32,28,28.0,28.0
1355,1355,1355,28,28,28.0,28.0
1356,1356,1356,27,28,28.0,28.0
1357,1357,1357,27,28,28.0,28.0
1358,1358,1358,28,28,28.0,28.0
1359,1359,1359,28,29,28.0,28.0
1360,1360,1360,27,28,28.0,28.0
1361,1361,1361,27,28,28.0,28.0
1362,1362,1362,27,28,28.0,28.0
1363,1363,1363,27,28,28.0,28.0
1364,1364,1364,28,28,28.0,28.0
1365,1365,1365,27,28,28.0,28.0
1366,1366,1366,27,28,28.0,28.0
1367,1367,1367,27,28,28.0,28.0
1368,1368,1368,27,28,28.0,28.0
1369,1369,1369,27,28,28.0,28.0
1370,1370,1370,28,28,28.0,28.0
1371,1371,1371,28,28,28.0,28.0
1372,1372,1372,28,28,28.0,28.0
1373,1373,1373,28,28,28.0,28.0
1374,1374,1374,27,28,28.0,28.0
1375,1375,1375,28,29,28.0,28.0
1376,1376,1376,27,28,28.0,28.0
1377,1377,1377,28,28,28.0,28.0
1378,1378,1378,27,28,28.0,28.0
1379,1379,1379,27,28,28.0,28.0
1380,1380,1380,27,29,28.0,28.0
1381,1381,1381,27,28,28.0,28.0
1382,1382,1382,28,33,28.0,28.0
1383,1383,1383,27,28,28.0,28.0
1384,1384,1384,27,28,28.0,28.0
1385,1385,1385,27,29,28.0,28.0
1386,1386,1386,27,28,28.0,28.0
1387,1387,1387,27,28,28.0,28.0
1388,1388,1388,27,28,28.0,28.0
1389,1389,1389,27,28,28.0,28.0
1390,1390,1390,27,28,28.0,28.0
1391,1391,1391,27,29,28.0,28.0
1392,1392,1392,27,28,28.0,28.0
1393,1393,1393,28,28,28.0,28.0
1394,1394,1394,27,28,28.0,28.0
1395,1395,1395,28,28,28.0,28.0
1396,1396,1396,32,29,28.0,28.0
1397,1397,1397,28,29,28.0,28.0
1398,1398,1398,28,28,28.0,28.0
1399,1399,1399,27,29,28.0,28.0
1400,1400,1400,33,29,28.0,28.0
1401,1401,1401,28,29,28.0,28.0
1402,1402,1402,27,28,28.0,28.0
1403,1403,1403,27,28,28.0,28.0
1404,1404,1404,27,29,28.0,28.0
1405,1405,1405,27,28,27.0,28.0
1406,1406,1406,28,29,27.0,28.0
1407,1407,1407,27,28,27.0,28.0
1408,1408,1408,27,28,27.0,28.0
1409,1409,1409,28,29,27.0,28.0
1410,1410,1410,28,29,27.0,28.0
1411,1411,1411,28,28,27.0,28.0
1412,1412,1412,28,28,27.0,28.0
1413,1413,1413,28,29,27.0,28.0
1414,1414,1414,27,28,27.0,28.0
1415,1415,1415,27,28,27.0,28.0
1416,1416,1416,27,28,27.0,28.0
1417,1417,1417,33,28,27.0,28.0
1418,1418,1418,28,28,27.0,28.0
1419,1419,1419,27,28,27.0,28.0
1420,1420,1420,27,28,27.0,28.0
1421,1421,1421,27,28,27.0,28.0
1422,1422,1422,27,28,27.0,28.0
1423,1423,1423,32,28,27.0,28.0
1424,1424,1424,28,29,27.0,28.0
1425,1425,1425,32,28,27.0,28.0
1426,1426,1426,28,28,27.0,28.0
1427,1427,1427,28,28,27.0,28.0
1428,1428,1428,28,28,27.0,28.0
1429,1429,1429,27,28,27.0,28.0
1430,1430,1430,28,28,27.0,28.0
1431,1431,1431,27,28,27.0,28.0
1432,1432,1432,27,28,27.0,28.0
1433,1433,1433,28,28,27.0,28.0
1434,1434,1434,27,28,27.0,28.0
1435,1435,1435,27,28,27.0,28.0
1436,1436,1436,28,28,27.0,28.0
1437,1437,1437,27,28,27.0,28.0
1438,1438,1438,27,28,27.0,28.0
1439,1439,1439,27,28,27.0,28.0
1440,1440,1440,28,28,27.0,28.0
1441,1441,1441,27,28,27.0,28.0
1442,1442,1442,28,28,27.0,28.0
1443,1443,1443,27,28,27.0,28.0
1444,1444,1444,27,28,27.0,28.0
1445,1445,1445,28,28,27.0,28.0
1446,1446,1446,27,28,27.0,28.0
1447,1447,1447,26,28,27.0,28.0
1448,1448,1448,27,28,27.0,28.0
1449,1449,1449,26,28,27.0,28.0
1450,1450,1450,27,28,27.0,28.0
1451,1451,1451,26,28,27.0,28.0
1452,1452,1452,24,28,27.0,28.0
1453,1453,1453,24,28,27.0,28.0
1454,1454,1454,24,28,27.0,28.0
1455,1455,1455,24,28,27.0,28.0
1456,1456,1456,27,28,27.0,28.0
1457,1457,1457,27,28,27.0,28.0
1458,1458,1458,24,28,27.0,28.0
1459,1459,1459,24,28,27.0,28.0
1460,1460,1460,26,28,27.0,28.0
1461,1461,1461,26,28,27.0,28.0
1462,1462,1462,27,28,27.0,28.0
1463,1463,1463,27,28,27.0,28.0
1464,1464,1464,26,28,27.0,28.0
1465,1465,1465,27,28,27.0,28.0
1466,1466,1466,26,28,27.0,28.0
1467,1467,1467,26,28,27.0,28.0
1468,1468,1468,26,28,27.0,28.0
1469,1469,1469,26,28,27.0,28.0
1470,1470,1470,26,28,27.0,28.0
1471,1471,1471,26,28,27.0,28.0
1472,1472,1472,26,28,27.0,28.0
1473,1473,1473,26,28,27.0,28.0
1474,1474,1474,27,33,27.0,28.0
1475,1475,1475,27,28,27.0,28.0
1476,1476,1476,27,28,27.0,28.0
1477,1477,1477,27,28,27.0,28.0
1478,1478,1478,27,28,27.0,28.0
1479,1479,1479,27,28,27.0,28.0
1480,1480,1480,27,28,27.0,28.0
1481,1481,1481,27,28,27.0,28.0
1482,1482,1482,27,28,27.0,28.0
1483,1483,1483,27,28,27.0,28.0
1484,1484,1484,27,28,27.0,28.0
1485,1485,1485,27,29,27.0,28.0
1486,1486,1486,27,28,27.0,28.0
1487,1487,1487,27,28,27.0,28.0
1488,1488,1488,28,28,27.0,28.0
1489,1489,1489,27,28,27.0,28.0
1490,1490,1490,27,28,27.0,28.0
1491,1491,1491,27,28,27.0,28.0
1492,1492,1492,26,28,27.0,28.0
1493,1493,1493,26,28,27.0,28.0
1494,1494,1494,27,29,27.0,28.0
1495,1495,1495,27,28,27.0,28.0
1496,1496,1496,27,29,27.0,28.0
1497,1497,1497,27,29,27.0,28.0
1498,1498,1498,27,32,27.0,28.0
1499,1499,1499,27,29,27.0,28.0
1500,1500,1500,25,29,27.0,28.0
1501,1501,1501,26,29,27.0,28.0
1502,1502,1502,27,28,27.0,28.0
1503,1503,1503,27,29,27.0,28.0
1504,1504,1504,27,29,27.0,28.0
1505,1505,1505,28,29,27.0,28.0
1506,1506,1506,27,29,27.0,28.0
1507,1507,1507,27,29,27.0,28.0
1508,1508,1508,27,28,27.0,28.0
1509,1509,1509,28,28,27.0,28.0
1510,1510,1510,27,29,27.0,28.0
1511,1511,1511,27,28,27.0,28.0
1512,1512,1512,27,29,27.0,28.0
1513,1513,1513,27,29,27.0,28.0
1514,1514,1514,27,28,27.0,28.0
1515,1515,1515,27,29,27.0,28.0
1516,1516,1516,27,29,27.0,28.0
1517,1517,1517,24,29,27.0,28.0
1518,1518,1518,26,28,27.0,28.0
1519,1519,1519,26,29,27.0,28.0
1520,1520,1520,27,29,27.0,28.0
1521,1521,1521,28,28,27.0,28.0
1522,1522,1522,27,28,27.0,28.0
1523,1523,1523,27,28,27.0,28.0
1524,1524,1524,27,28,27.0,28.0
1525,1525,1525,26,28,27.0,28.0
1526,1526,1526,26,28,27.0,28.0
1527,1527,1527,27,28,27.0,28.0
1528,1528,1528,27,28,27.0,28.0
1529,1529,1529,27,28,27.0,28.0
1530,1530,1530,27,28,27.0,28.0
1531,1531,1531,28,28,27.0,28.0
1532,1532,1532,27,28,27.0,28.0
1533,1533,1533,27,29,27.0,28.0
1534,1534,1534,27,28,27.0,28.0
1535,1535,1535,28,28,27.0,28.0
1536,1536,1536,28,28,27.0,28.0
1537,1537,1537,28,28,27.0,28.0
1538,1538,1538,28,28,27.0,28.0
1539,1539,1539,28,28,27.0,28.0
1540,1540,1540,27,28,27.0,28.0
1541,1541,1541,28,28,27.0,28.0
1542,1542,1542,28,28,27.0,28.0
1543,1543,1543,27,28,27.0,28.0
1544,1544,1544,28,28,27.0,28.0
1545,1545,1545,27,28,27.0,28.0
1546,1546,1546,28,28,27.0,28.0
1547,1547,1547,27,28,27.0,28.0
1548,1548,1548,27,28,27.0,28.0
1549,1549,1549,28,28,27.0,28.0
1550,1550,1550,27,28,27.0,28.0
1551,1551,1551,27,28,27.0,28.0
1552,1552,1552,28,28,27.0,28.0
1553,1553,1553,27,28,27.0,28.0
1554,1554,1554,27,29,27.0,28.0
1555,1555,1555,27,28,27.0,28.0
1556,1556,1556,28,28,27.0,28.0
1557,1557,1557,28,28,27.0,28.0
1558,1558,1558,28,28,27.0,28.0
1559,1559,1559,27,29,27.0,28.0
1560,1560,1560,27,29,27.0,28.0
1561,1561,1561,27,29,27.0,28.0
1562,1562,1562,27,29,27.0,28.0
1563,1563,1563,27,28,27.0,28.0
1564,1564,1564,28,29,27.0,28.0
1565,1565,1565,27,29,27.0,28.0
1566,1566,1566,27,29,27.0,28.0
1567,1567,1567,27,29,27.0,28.0
1568,1568,1568,27,28,27.0,28.0
1569,1569,1569,28,28,27.0,28.0
1570,1570,1570,28,28,27.0,28.0
1571,1571,1571,27,29,27.0,28.0
1572,1572,1572,32,28,27.0,28.0
1573,1573,1573,28,29,27.0,28.0
1574,1574,1574,28,28,27.0,28.0
1575,1575,1575,27,29,27.0,28.0
1576,1576,1576,27,28,27.0,28.0
1577,1577,1577,27,28,27.0,28.0
1578,1578,1578,27,29,27.0,28.0
1579,1579,1579,27,28,27.0,28.0
1580,1580,1580,27,28,27.0,28.0
1581,1581,1581,28,28,27.0,28.0
1582,1582,1582,27,28,27.0,28.0
1583,1583,1583,28,29,27.0,28.0
1584,1584,1584,27,29,27.0,28.0
1585,1585,1585,28,29,27.0,28.0
1586,1586,1586,28,29,27.0,28.0
1587,1587,1587,28,29,27.0,28.0
1588,1588,1588,28,28,27.0,28.0
1589,1589,1589,27,29,27.0,28.0
1590,1590,1590,27,29,27.0,28.0
1591,1591,1591,33,29,27.0,28.0
1592,1592,1592,28,28,27.0,28.0
1593,1593,1593,28,28,27.0,28.0
1594,1594,1594,27,28,27.0,28.0
1595,1595,1595,27,29,27.0,28.0
1596,1596,1596,28,29,27.0,28.0
1597,1597,1597,27,29,27.0,28.0
1598,1598,1598,32,28,27.0,28.0
1599,1599,1599,27,29,27.0,28.0
1600,1600,1600,27,28,27.0,29.0
1601,1601,1601,27,28,27.0,29.0
1602,1602,1602,27,29,27.0,29.0
1603,1603,1603,28,28,27.0,29.0
1604,1604,1604,27,28,27.0,29.0
1605,1605,1605,27,28,27.0,29.0
1606,1606,1606,28,28,27.0,29.0
1607,1607,1607,28,29,27.0,29.0
1608,1608,1608,28,29,27.0,29.0
1609,1609,1609,27,29,27.0,29.0
1610,1610,1610,27,29,27.0,28.0
1611,1611,1611,27,28,27.0,28.0
1612,1612,1612,27,28,27.0,28.0
1613,1613,1613,27,29,27.0,28.0
1614,1614,1614,27,29,27.0,28.0
1615,1615,1615,27,29,27.0,28.0
1616,1616,1616,27,29,27.0,28.0
1617,1617,1617,27,29,27.0,28.0
1618,1618,1618,27,29,27.0,28.0
1619,1619,1619,27,29,27.0,28.0
1620,1620,1620,27,29,27.0,28.0
1621,1621,1621,28,29,27.0,28.0
1622,1622,1622,27,28,27.0,28.0
1623,1623,1623,27,28,27.0,28.0
1624,1624,1624,27,29,27.0,28.0
1625,1625,1625,27,29,27.0,28.0
1626,1626,1626,27,28,27.0,28.0
1627,1627,1627,27,28,27.0,28.0
1628,1628,1628,27,29,27.0,28.0
1629,1629,1629,27,29,27.0,28.0
1630,1630,1630,27,29,27.0,28.0
1631,1631,1631,27,28,27.0,28.0
1632,1632,1632,27,28,27.0,28.0
1633,1633,1633,27,29,27.0,28.0
1634,1634,1634,27,28,27.0,28.0
1635,1635,1635,27,28,27.0,28.0
1636,1636,1636,27,28,27.0,28.0
1637,1637,1637,27,28,27.0,28.0
1638,1638,1638,27,28,27.0,28.0
1639,1639,1639,27,28,27.0,28.0
1640,1640,1640,27,28,27.0,28.0
1641,1641,1641,27,29,27.0,28.0
1642,1642,1642,27,28,27.0,28.0
1643,1643,1643,27,29,27.0,28.0
1644,1644,1644,28,29,27.0,28.0
1645,1645,1645,27,29,27.0,28.0
1646,1646,1646,27,29,27.0,28.0
1647,1647,1647,27,28,27.0,28.0
1648,1648,1648,27,28,27.0,28.0
1649,1649,1649,27,28,27.0,28.0
1650,1650,1650,27,29,27.0,28.0
1651,1651,1651,27,28,27.0,28.0
1652,1652,1652,27,29,27.0,28.0
1653,1653,1653,27,28,27.0,28.0
1654,1654,1654,27,28,27.0,28.0
1655,1655,1655,28,28,27.0,28.0
1656,1656,1656,27,28,27.0,28.0
1657,1657,1657,28,28,27.0,28.0
1658,1658,1658,27,28,27.0,28.0
1659,1659,1659,27,28,27.0,28.0
1660,1660,1660,27,28,27.0,28.0
1661,1661,1661,27,28,27.0,28.0
1662,1662,1662,27,28,27.0,28.0
1663,1663,1663,27,28,27.0,28.0
1664,1664,1664,27,28,27.0,28.0
1665,1665,1665,26,28,27.0,28.0
1666,1666,1666,27,28,27.0,28.0
1667,1667,1667,27,28,27.0,28.0
1668,1668,1668,27,28,27.0,28.0
1669,1669,1669,27,28,27.0,28.0
1670,1670,1670,27,29,27.0,28.0
1671,1671,1671,28,28,27.0,28.0
1672,1672,1672,32,28,27.0,28.0
1673,1673,1673,27,28,27.0,28.0
1674,1674,1674,27,29,27.0,28.0
1675,1675,1675,27,28,27.0,28.0
1676,1676,1676,27,28,27.0,28.0
1677,1677,1677,27,28,27.0,28.0
1678,1678,1678,27,28,27.0,28.0
1679,1679,1679,27,28,27.0,28.0
1680,1680,1680,27,28,27.0,28.0
1681,1681,1681,27,28,27.0,28.0
1682,1682,1682,27,28,27.0,28.0
1683,1683,1683,27,28,27.0,28.0
1684,1684,1684,27,28,27.0,28.0
1685,1685,1685,27,28,27.0,28.0
1686,1686,1686,28,28,27.0,28.0
1687,1687,1687,27,33,27.0,28.0
1688,1688,1688,27,28,27.0,28.0
1689,1689,1689,27,28,27.0,28.0
1690,1690,1690,27,28,27.0,28.0
1691,1691,1691,28,28,27.0,28.0
1692,1692,1692,27,28,27.0,28.0
1693,1693,1693,27,28,27.0,28.0
1694,1694,1694,27,28,27.0,28.0
1695,1695,1695,27,28,27.0,28.0
1696,1696,1696,27,28,27.0,28.0
1697,1697,1697,27,28,27.0,28.0
1698,1698,1698,27,28,27.0,28.0
1699,1699,1699,27,28,27.0,28.0
1700,1700,1700,27,28,27.0,28.0
1701,1701,1701,32,28,27.0,28.0
1702,1702,1702,27,28,27.0,28.0
1703,1703,1703,27,28,27.0,28.0
1704,1704,1704,28,29,27.0,28.0
1705,1705,1705,28,28,27.0,28.0
1706,1706,1706,27,28,27.0,28.0
1707,1707,1707,28,28,27.0,28.0
1708,1708,1708,27,28,27.0,28.0
1709,1709,1709,27,28,27.0,28.0
1710,1710,1710,27,28,27.0,28.0
1711,1711,1711,28,28,27.0,28.0
1712,1712,1712,27,28,27.0,28.0
1713,1713,1713,27,28,27.0,28.0
1714,1714,1714,27,28,27.0,28.0
1715,1715,1715,27,28,27.0,28.0
1716,1716,1716,27,28,27.0,28.0
1717,1717,1717,27,28,27.0,28.0
1718,1718,1718,27,28,27.0,28.0
1719,1719,1719,27,28,27.0,28.0
1720,1720,1720,28,28,27.0,28.0
1721,1721,1721,27,28,27.0,28.0
1722,1722,1722,27,28,27.0,28.0
1723,1723,1723,27,28,27.0,28.0
1724,1724,1724,27,28,27.0,28.0
1725,1725,1725,27,28,27.0,28.0
1726,1726,1726,27,28,27.0,28.0
1727,1727,1727,27,28,27.0,28.0
1728,1728,1728,27,28,27.0,28.0
1729,1729,1729,27,28,27.0,28.0
1730,1730,1730,27,28,27.0,28.0
1731,1731,1731,27,29,27.0,28.0
1732,1732,1732,27,28,27.0,28.0
1733,1733,1733,27,28,27.0,28.0
1734,1734,1734,27,28,27.0,28.0
1735,1735,1735,27,28,27.0,28.0
1736,1736,1736,27,28,27.0,28.0
1737,1737,1737,27,28,27.0,28.0
1738,1738,1738,27,28,27.0,28.0
1739,1739,1739,27,28,27.0,28.0
1740,1740,1740,28,28,27.0,28.0
1741,1741,1741,27,28,27.0,28.0
1742,1742,1742,27,28,27.0,28.0
1743,1743,1743,27,29,27.0,28.0
1744,1744,1744,27,28,27.0,28.0
1745,1745,1745,27,28,27.0,28.0
1746,1746,1746,27,28,27.0,28.0
1747,1747,1747,27,28,27.0,28.0
1748,1748,1748,27,28,27.0,28.0
1749,1749,1749,27,28,27.0,28.0
1750,1750,1750,27,28,27.0,28.0
1751,1751,1751,27,28,27.0,28.0
1752,1752,1752,27,29,27.0,28.0
1753,1753,1753,27,33,27.0,28.0
1754,1754,1754,27,29,27.0,28.0
1755,1755,1755,27,29,27.0,28.0
1756,1756,1756,27,29,27.0,28.0
1757,1757,1757,27,28,27.0,28.0
1758,1758,1758,27,28,27.0,28.0
1759,1759,1759,28,29,27.0,28.0
1760,1760,1760,27,28,27.0,28.0
1761,1761,1761,27,29,27.0,28.0
1762,1762,1762,27,28,27.0,28.0
1763,1763,1763,27,28,27.0,28.0
1764,1764,1764,28,28,27.0,28.0
1765,1765,1765,27,28,27.0,28.0
1766,1766,1766,27,28,27.0,28.0
1767,1767,1767,27,28,27.0,28.0
1768,1768,1768,28,28,27.0,28.0
1769,1769,1769,28,28,27.0,28.0
1770,1770,1770,32,28,27.0,28.0
1771,1771,1771,27,28,27.0,28.0
1772,1772,1772,27,28,27.0,28.0
1773,1773,1773,28,28,27.0,28.0
1774,1774,1774,27,28,27.0,28.0
1775,1775,1775,28,28,27.0,28.0
1776,1776,1776,27,28,27.0,28.0
1777,1777,1777,27,28,27.0,28.0
1778,1778,1778,27,28,27.0,28.0
1779,1779,1779,32,28,27.0,28.0
1780,1780,1780,27,28,27.0,28.0
1781,1781,1781,27,28,27.0,28.0
1782,1782,1782,27,28,27.0,28.0
1783,1783,1783,27,28,27.0,28.0
1784,1784,1784,27,28,27.0,28.0
1785,1785,1785,28,28,27.0,28.0
1786,1786,1786,27,28,27.0,28.0
1787,1787,1787,27,28,27.0,28.0
1788,1788,1788,27,28,27.0,28.0
1789,1789,1789,27,28,27.0,28.0
1790,1790,1790,27,28,27.0,28.0
1791,1791,1791,27,28,27.0,28.0
1792,1792,1792,28,28,27.0,28.0
1793,1793,1793,27,28,27.0,28.0
1794,1794,1794,27,28,27.0,28.0
1795,1795,1795,27,28,27.0,28.0
1796,1796,1796,27,28,27.0,28.0
1797,1797,1797,27,28,27.0,28.0
1798,1798,1798,28,28,27.0,28.0
1799,1799,1799,27,28,27.0,28.0
1800,1800,1800,27,28,27.0,28.0
1801,1801,1801,28,28,27.0,28.0
1802,1802,1802,27,28,27.0,28.0
1803,1803,1803,27,28,27.0,28.0
1804,1804,1804,28,28,27.0,28.0
1805,1805,1805,27,28,27.0,28.0
1806,1806,1806,27,28,27.0,28.0
1807,1807,1807,27,28,27.0,28.0
1808,1808,1808,27,28,27.0,28.0
1809,1809,1809,27,28,27.0,28.0
1810,1810,1810,27,28,27.0,28.0
1811,1811,1811,27,28,27.0,28.0
1812,1812,1812,28,28,27.0,28.0
1813,1813,1813,27,28,27.0,28.0
1814,1814,1814,27,28,27.0,28.0
1815,1815,1815,26,28,27.0,28.0
1816,1816,1816,27,28,27.0,28.0
1817,1817,1817,27,28,27.0,28.0
1818,1818,1818,27,28,27.0,28.0
1819,1819,1819,27,28,27.0,28.0
1820,1820,1820,24,28,27.0,28.0
1821,1821,1821,24,28,27.0,28.0
1822,1822,1822,26,28,27.0,28.0
1823,1823,1823,26,28,27.0,28.0
1824,1824,1824,26,28,27.0,28.0
1825,1825,1825,27,28,26.0,28.0
1826,1826,1826,27,28,26.0,28.0
1827,1827,1827,27,28,26.0,28.0
1828,1828,1828,23,28,26.0,28.0
1829,1829,1829,27,28,26.0,28.0
1830,1830,1830,27,28,26.0,28.0
1831,1831,1831,26,28,26.0,28.0
1832,1832,1832,27,28,26.0,28.0
1833,1833,1833,27,28,26.0,28.0
1834,1834,1834,27,28,26.0,28.0
1835,1835,1835,27,28,26.0,28.0
1836,1836,1836,27,28,26.0,28.0
1837,1837,1837,26,28,26.0,28.0
1838,1838,1838,26,28,26.0,28.0
1839,1839,1839,27,28,26.0,28.0
1840,1840,1840,27,28,26.0,28.0
1841,1841,1841,27,28,26.0,28.0
1842,1842,1842,26,28,26.0,28.0
1843,1843,1843,26,28,26.0,28.0
1844,1844,1844,23,28,26.0,28.0
1845,1845,1845,23,29,26.0,28.0
1846,1846,1846,26,28,26.0,28.0
1847,1847,1847,26,28,26.0,28.0
1848,1848,1848,26,28,26.0,28.0
1849,1849,1849,26,28,26.0,28.0
1850,1850,1850,26,28,26.0,28.0
1851,1851,1851,27,28,26.0,28.0
1852,1852,1852,27,28,26.0,28.0
1853,1853,1853,26,28,26.0,28.0
1854,1854,1854,27,28,26.0,28.0
1855,1855,1855,26,28,26.0,28.0
1856,1856,1856,26,28,26.0,28.0
1857,1857,1857,26,28,26.0,28.0
1858,1858,1858,24,28,26.0,28.0
1859,1859,1859,26,28,26.0,28.0
1860,1860,1860,27,28,26.0,28.0
1861,1861,1861,27,28,26.0,28.0
1862,1862,1862,26,28,26.0,28.0
1863,1863,1863,26,28,26.0,28.0
1864,1864,1864,26,28,26.0,28.0
1865,1865,1865,24,28,26.0,28.0
1866,1866,1866,26,28,26.0,28.0
1867,1867,1867,26,28,26.0,28.0
1868,1868,1868,24,28,26.0,28.0
1869,1869,1869,26,28,26.0,28.0
1870,1870,1870,26,28,26.0,28.0
1871,1871,1871,26,28,26.0,28.0
1872,1872,1872,24,28,26.0,28.0
1873,1873,1873,27,29,26.0,28.0
1874,1874,1874,23,28,26.0,28.0
1875,1875,1875,25,28,26.0,28.0
1876,1876,1876,26,28,26.0,28.0
1877,1877,1877,26,28,26.0,28.0
1878,1878,1878,26,28,26.0,28.0
1879,1879,1879,26,28,26.0,28.0
1880,1880,1880,27,28,26.0,28.0
1881,1881,1881,26,28,26.0,28.0
1882,1882,1882,27,28,26.0,28.0
1883,1883,1883,26,28,26.0,28.0
1884,1884,1884,27,28,26.0,28.0
1885,1885,1885,27,28,26.0,28.0
1886,1886,1886,26,28,26.0,28.0
1887,1887,1887,25,28,26.0,28.0
1888,1888,1888,26,28,26.0,28.0
1889,1889,1889,26,28,26.0,28.0
1890,1890,1890,24,28,26.0,28.0
1891,1891,1891,26,28,26.0,28.0
1892,1892,1892,25,28,26.0,28.0
1893,1893,1893,26,28,26.0,28.0
1894,1894,1894,27,28,26.0,28.0
1895,1895,1895,24,28,26.0,28.0
1896,1896,1896,27,28,26.0,28.0
1897,1897,1897,27,28,26.0,28.0
1898,1898,1898,27,28,26.0,28.0
1899,1899,1899,26,28,26.0,28.0
1900,1900,1900,27,28,26.0,28.0
1901,1901,1901,23,28,26.0,28.0
1902,1902,1902,27,28,26.0,28.0
1903,1903,1903,24,28,26.0,28.0
1904,1904,1904,27,28,26.0,28.0
1905,1905,1905,26,28,26.0,28.0
1906,1906,1906,24,28,26.0,28.0
1907,1907,1907,26,28,26.0,28.0
1908,1908,1908,27,28,26.0,28.0
1909,1909,1909,26,28,26.0,28.0
1910,1910,1910,27,28,26.0,28.0
1911,1911,1911,26,28,26.0,28.0
1912,1912,1912,27,33,26.0,28.0
1913,1913,1913,27,28,26.0,28.0
1914,1914,1914,27,28,26.0,28.0
1915,1915,1915,26,28,26.0,28.0
1916,1916,1916,26,28,26.0,28.0
1917,1917,1917,25,28,27.0,28.0
1918,1918,1918,26,29,27.0,28.0
1919,1919,1919,26,29,27.0,28.0
1920,1920,1920,26,28,27.0,28.0
1921,1921,1921,27,29,27.0,28.0
1922,1922,1922,27,29,27.0,28.0
1923,1923,1923,27,28,27.0,28.0
1924,1924,1924,27,29,27.0,28.0
1925,1925,1925,27,28,27.0,28.0
1926,1926,1926,27,29,27.0,28.0
1927,1927,1927,27,33,27.0,28.0
1928,1928,1928,27,28,27.0,28.0
1929,1929,1929,27,28,27.0,28.0
1930,1930,1930,27,28,27.0,28.0
1931,1931,1931,27,28,27.0,28.0
1932,1932,1932,27,28,27.0,28.0
1933,1933,1933,26,28,27.0,28.0
1934,1934,1934,27,28,27.0,28.0
1935,1935,1935,27,28,27.0,28.0
1936,1936,1936,27,29,27.0,28.0
1937,1937,1937,27,28,27.0,28.0
1938,1938,1938,27,28,27.0,28.0
1939,1939,1939,28,28,27.0,28.0
1940,1940,1940,27,28,27.0,28.0
1941,1941,1941,27,28,27.0,28.0
1942,1942,1942,27,33,27.0,28.0
1943,1943,1943,27,28,27.0,28.0
1944,1944,1944,27,33,27.0,28.0
1945,1945,1945,27,28,27.0,28.0
1946,1946,1946,27,28,27.0,28.0
1947,1947,1947,27,28,27.0,28.0
1948,1948,1948,27,28,27.0,28.0
1949,1949,1949,27,28,27.0,28.0
1950,1950,1950,27,28,27.0,28.0
1951,1951,1951,27,28,27.0,28.0
1952,1952,1952,27,28,27.0,28.0
1953,1953,1953,28,28,27.0,28.0
1954,1954,1954,27,28,27.0,28.0
1955,1955,1955,27,28,27.0,28.0
1956,1956,1956,27,28,27.0,28.0
1957,1957,1957,27,28,27.0,28.0
1958,1958,1958,27,28,27.0,28.0
1959,1959,1959,27,28,27.0,28.0
1960,1960,1960,27,28,27.0,28.0
1961,1961,1961,27,28,27.0,28.0
1962,1962,1962,27,28,27.0,28.0
1963,1963,1963,28,28,27.0,28.0
1964,1964,1964,27,28,27.0,28.0
1965,1965,1965,28,28,27.0,28.0
1966,1966,1966,28,28,27.0,28.0
1967,1967,1967,32,28,27.0,28.0
1968,1968,1968,28,28,27.0,28.0
1969,1969,1969,27,28,27.0,28.0
1970,1970,1970,27,28,27.0,28.0
1971,1971,1971,27,28,27.0,28.0
1972,1972,1972,28,28,27.0,28.0
1973,1973,1973,28,29,27.0,28.0
1974,1974,1974,27,28,27.0,28.0
1975,1975,1975,27,28,27.0,28.0
1976,1976,1976,28,28,27.0,28.0
1977,1977,1977,27,28,27.0,28.0
1978,1978,1978,27,28,27.0,28.0
1979,1979,1979,28,28,27.0,28.0
1980,1980,1980,27,28,27.0,28.0
1981,1981,1981,28,34,27.0,28.0
1982,1982,1982,28,28,27.0,28.0
1983,1983,1983,27,28,27.0,28.0
1984,1984,1984,27,28,27.0,28.0
1985,1985,1985,28,28,27.0,28.0
1986,1986,1986,27,28,27.0,28.0
1987,1987,1987,28,28,27.0,28.0
1988,1988,1988,27,28,27.0,28.0
1989,1989,1989,27,28,27.0,28.0
1990,1990,1990,28,28,27.0,28.0
1991,1991,1991,27,28,27.0,28.0
1992,1992,1992,27,28,27.0,28.0
1993,1993,1993,32,28,27.0,28.0
1994,1994,1994,27,28,27.0,28.0
1995,1995,1995,27,28,27.0,28.0
1996,1996,1996,27,28,27.0,28.0
1997,1997,1997,28,28,27.0,28.0
1998,1998,1998,28,28,27.0,28.0
1999,1999,1999,27,28,27.0,28.0
2000,2000,2000,27,28,28.0,28.0
2001,2001,2001,27,28,28.0,28.0
2002,2002,2002,27,28,28.0,28.0
2003,2003,2003,27,28,28.0,28.0
2004,2004,2004,27,28,28.0,28.0
2005,2005,2005,27,28,28.0,28.0
2006,2006,2006,28,28,28.0,28.0
2007,2007,2007,27,28,28.0,28.0
2008,2008,2008,28,28,28.0,28.0
2009,2009,2009,27,28,28.0,28.0
2010,2010,2010,27,28,28.0,28.0
2011,2011,2011,27,28,28.0,28.0
2012,2012,2012,28,28,28.0,28.0
2013,2013,2013,27,28,28.0,28.0
2014,2014,2014,27,28,28.0,28.0
2015,2015,2015,27,28,28.0,28.0
2016,2016,2016,27,28,28.0,28.0
2017,2017,2017,28,28,28.0,28.0
2018,2018,2018,27,32,28.0,28.0
2019,2019,2019,31,29,28.0,28.0
2020,2020,2020,27,29,28.0,28.0
2021,2021,2021,27,29,28.0,28.0
2022,2022,2022,27,29,28.0,28.0
2023,2023,2023,28,28,28.0,28.0
2024,2024,2024,28,28,28.0,28.0
2025,2025,2025,27,28,28.0,28.0
2026,2026,2026,28,29,28.0,28.0
2027,2027,2027,28,28,28.0,28.0
2028,2028,2028,27,28,28.0,28.0
2029,2029,2029,28,28,28.0,28.0
2030,2030,2030,28,28,28.0,28.0
2031,2031,2031,28,28,28.0,28.0
2032,2032,2032,27,28,28.0,28.0
2033,2033,2033,27,28,28.0,28.0
2034,2034,2034,28,28,28.0,28.0
2035,2035,2035,27,29,28.0,28.0
2036,2036,2036,28,29,28.0,28.0
2037,2037,2037,27,29,28.0,28.0
2038,2038,2038,27,28,28.0,28.0
2039,2039,2039,28,33,28.0,28.0
2040,2040,2040,28,28,28.0,28.0
2041,2041,2041,28,29,28.0,28.0
2042,2042,2042,28,28,28.0,28.0
2043,2043,2043,27,28,28.0,28.0
2044,2044,2044,28,29,27.0,28.0
2045,2045,2045,27,28,28.0,28.0
2046,2046,2046,27,28,28.0,28.0
2047,2047,2047,27,28,28.0,28.0
2048,2048,2048,28,28,28.0,28.0
2049,2049,2049,28,28,28.0,28.0
2050,2050,2050,28,33,28.0,28.0
2051,2051,2051,27,28,28.0,28.0
2052,2052,2052,27,28,28.0,28.0
2053,2053,2053,28,28,28.0,28.0
2054,2054,2054,28,28,28.0,28.0
2055,2055,2055,28,29,28.0,28.0
2056,2056,2056,27,28,28.0,28.0
2057,2057,2057,27,28,28.0,28.0
2058,2058,2058,27,28,28.0,28.0
2059,2059,2059,27,28,28.0,28.0
2060,2060,2060,28,28,28.0,28.0
2061,2061,2061,28,28,28.0,28.0
2062,2062,2062,28,28,28.0,28.0
2063,2063,2063,32,28,28.0,28.0
2064,2064,2064,27,33,28.0,28.0
2065,2065,2065,28,28,28.0,28.0
2066,2066,2066,27,28,28.0,28.0
2067,2067,2067,28,28,28.0,28.0
2068,2068,2068,28,28,28.0,28.0
2069,2069,2069,27,28,28.0,28.0
2070,2070,2070,27,28,28.0,28.0
2071,2071,2071,27,28,28.0,28.0
2072,2072,2072,27,34,28.0,28.0
2073,2073,2073,27,33,28.0,28.0
2074,2074,2074,27,28,28.0,28.0
2075,2075,2075,28,28,28.0,28.0
2076,2076,2076,27,28,28.0,28.0
2077,2077,2077,27,28,28.0,28.0
2078,2078,2078,27,28,28.0,28.0
2079,2079,2079,28,28,28.0,28.0
2080,2080,2080,27,28,28.0,28.0
2081,2081,2081,27,28,28.0,28.0
2082,2082,2082,28,28,28.0,28.0
2083,2083,2083,27,28,28.0,28.0
2084,2084,2084,28,28,28.0,28.0
2085,2085,2085,27,28,28.0,28.0
2086,2086,2086,27,28,28.0,28.0
2087,2087,2087,27,28,28.0,28.0
2088,2088,2088,28,28,28.0,28.0
2089,2089,2089,27,28,28.0,28.0
2090,2090,2090,27,28,27.0,28.0
2091,2091,2091,27,28,27.0,28.0
2092,2092,2092,28,28,27.0,28.0
2093,2093,2093,28,28,27.0,28.0
2094,2094,2094,27,28,27.0,28.0
2095,2095,2095,32,28,27.0,28.0
2096,2096,2096,28,28,27.0,28.0
2097,2097,2097,27,28,27.0,28.0
2098,2098,2098,27,29,27.0,28.0
2099,2099,2099,27,29,27.0,28.0
2100,2100,2100,28,28,27.0,28.0
2101,2101,2101,27,28,27.0,28.0
2102,2102,2102,27,28,27.0,28.0
2103,2103,2103,27,28,27.0,28.0
2104,2104,2104,27,28,27.0,28.0
2105,2105,2105,28,28,27.0,28.0
2106,2106,2106,27,28,27.0,28.0
2107,2107,2107,27,28,27.0,28.0
2108,2108,2108,28,28,27.0,28.0
2109,2109,2109,27,28,27.0,28.0
2110,2110,2110,28,28,27.0,28.0
2111,2111,2111,32,28,27.0,28.0
2112,2112,2112,27,28,27.0,28.0
2113,2113,2113,27,28,27.0,28.0
2114,2114,2114,27,28,27.0,28.0
2115,2115,2115,27,28,27.0,28.0
2116,2116,2116,27,28,27.0,28.0
2117,2117,2117,27,28,27.0,28.0
2118,2118,2118,27,28,27.0,28.0
2119,2119,2119,27,29,27.0,28.0
2120,2120,2120,27,28,27.0,28.0
2121,2121,2121,27,28,27.0,28.0
2122,2122,2122,28,28,27.0,28.0
2123,2123,2123,27,28,27.0,28.0
2124,2124,2124,28,28,27.0,28.0
2125,2125,2125,32,28,27.0,28.0
2126,2126,2126,28,28,27.0,28.0
2127,2127,2127,27,28,27.0,28.0
2128,2128,2128,27,28,27.0,28.0
2129,2129,2129,27,28,27.0,28.0
2130,2130,2130,27,28,27.0,28.0
2131,2131,2131,27,28,27.0,28.0
2132,2132,2132,27,28,27.0,28.0
2133,2133,2133,27,28,27.0,28.0
2134,2134,2134,27,28,27.0,28.0
2135,2135,2135,27,28,27.0,28.0
2136,2136,2136,27,28,27.0,28.0
2137,2137,2137,27,29,27.0,28.0
2138,2138,2138,27,28,27.0,28.0
2139,2139,2139,27,28,27.0,28.0
2140,2140,2140,26,28,27.0,28.0
2141,2141,2141,26,28,27.0,28.0
2142,2142,2142,26,28,27.0,28.0
2143,2143,2143,26,28,27.0,28.0
2144,2144,2144,27,28,27.0,28.0
2145,2145,2145,27,28,27.0,28.0
2146,2146,2146,27,28,27.0,28.0
2147,2147,2147,27,28,27.0,28.0
2148,2148,2148,28,28,27.0,28.0
2149,2149,2149,27,28,27.0,28.0
2150,2150,2150,27,28,27.0,28.0
2151,2151,2151,28,28,27.0,28.0
2152,2152,2152,27,29,27.0,28.0
2153,2153,2153,27,29,27.0,28.0
2154,2154,2154,27,29,27.0,28.0
2155,2155,2155,27,29,27.0,28.0
2156,2156,2156,28,29,27.0,28.0
2157,2157,2157,27,29,27.0,28.0
2158,2158,2158,27,28,27.0,28.0
2159,2159,2159,27,29,27.0,28.0
2160,2160,2160,27,29,27.0,28.0
2161,2161,2161,27,28,27.0,28.0
2162,2162,2162,27,28,27.0,28.0
2163,2163,2163,27,29,27.0,28.0
2164,2164,2164,27,28,27.0,28.0
2165,2165,2165,27,28,27.0,28.0
2166,2166,2166,27,28,27.0,28.0
2167,2167,2167,27,29,27.0,28.0
2168,2168,2168,27,28,27.0,28.0
2169,2169,2169,27,33,27.0,28.0
2170,2170,2170,28,28,27.0,28.0
2171,2171,2171,27,29,27.0,28.0
2172,2172,2172,27,29,27.0,28.0
2173,2173,2173,27,28,27.0,28.0
2174,2174,2174,27,33,27.0,28.0
2175,2175,2175,27,29,27.0,28.0
2176,2176,2176,27,29,27.0,28.0
2177,2177,2177,27,29,27.0,28.0
2178,2178,2178,27,29,27.0,28.0
2179,2179,2179,27,28,27.0,28.0
2180,2180,2180,27,29,27.0,28.0
2181,2181,2181,27,29,27.0,28.0
2182,2182,2182,27,29,27.0,28.0
2183,2183,2183,27,28,27.0,28.0
2184,2184,2184,27,28,27.0,28.0
2185,2185,2185,27,29,27.0,28.0
2186,2186,2186,27,34,27.0,28.0
2187,2187,2187,27,29,27.0,28.0
2188,2188,2188,32,28,27.0,28.0
2189,2189,2189,28,28,27.0,28.0
2190,2190,2190,27,28,26.0,28.0
2191,2191,2191,27,28,26.0,28.0
2192,2192,2192,27,28,26.0,28.0
2193,2193,2193,27,29,26.0,28.0
2194,2194,2194,27,28,26.0,29.0
2195,2195,2195,27,29,26.0,29.0
2196,2196,2196,27,28,26.0,29.0
2197,2197,2197,27,28,26.0,29.0
2198,2198,2198,27,29,26.0,29.0
2199,2199,2199,27,29,26.0,29.0
2200,2200,2200,27,28,26.0,29.0
2201,2201,2201,27,28,26.0,29.0
2202,2202,2202,27,28,26.0,29.0
2203,2203,2203,26,28,26.0,29.0
2204,2204,2204,26,28,26.0,28.0
2205,2205,2205,26,28,26.0,28.0
2206,2206,2206,26,28,26.0,28.0
2207,2207,2207,26,28,26.0,28.0
2208,2208,2208,26,28,26.0,28.0
2209,2209,2209,27,28,26.0,28.0
2210,2210,2210,26,29,26.0,28.0
2211,2211,2211,27,28,26.0,28.0
2212,2212,2212,27,28,26.0,28.0
2213,2213,2213,24,29,26.0,28.0
2214,2214,2214,24,28,26.0,28.0
2215,2215,2215,26,28,26.0,28.0
2216,2216,2216,26,28,26.0,29.0
2217,2217,2217,26,28,27.0,29.0
2218,2218,2218,27,28,27.0,29.0
2219,2219,2219,24,28,27.0,29.0
2220,2220,2220,24,28,27.0,29.0
2221,2221,2221,24,28,27.0,29.0
2222,2222,2222,26,28,27.0,29.0
2223,2223,2223,26,28,27.0,28.0
2224,2224,2224,27,28,27.0,28.0
2225,2225,2225,27,28,27.0,28.0
2226,2226,2226,26,28,27.0,28.0
2227,2227,2227,26,29,27.0,28.0
2228,2228,2228,27,29,27.0,28.0
2229,2229,2229,26,28,27.0,28.0
2230,2230,2230,26,29,27.0,28.0
2231,2231,2231,25,29,27.0,28.0
2232,2232,2232,24,29,27.0,28.0
2233,2233,2233,24,29,26.0,28.0
2234,2234,2234,26,28,26.0,28.0
2235,2235,2235,25,28,26.0,28.0
2236,2236,2236,26,28,26.0,28.0
2237,2237,2237,26,28,26.0,28.0
2238,2238,2238,23,28,27.0,28.0
2239,2239,2239,23,28,26.0,28.0
2240,2240,2240,18,28,26.0,28.0
2241,2241,2241,26,28,26.0,28.0
2242,2242,2242,27,28,26.0,28.0
2243,2243,2243,27,29,26.0,28.0
2244,2244,2244,27,29,26.0,28.0
2245,2245,2245,28,28,26.0,28.0
2246,2246,2246,27,28,26.0,28.0
2247,2247,2247,27,28,26.0,28.0
2248,2248,2248,27,28,26.0,29.0
2249,2249,2249,27,28,26.0,29.0
2250,2250,2250,27,28,26.0,28.0
2251,2251,2251,27,29,26.0,28.0
2252,2252,2252,27,28,26.0,28.0
2253,2253,2253,27,28,27.0,28.0
2254,2254,2254,28,28,27.0,28.0
2255,2255,2255,27,29,27.0,28.0
2256,2256,2256,27,29,27.0,29.0
2257,2257,2257,27,28,27.0,29.0
2258,2258,2258,27,28,27.0,29.0
2259,2259,2259,27,29,27.0,29.0
2260,2260,2260,27,29,27.0,29.0
2261,2261,2261,28,28,27.0,29.0
2262,2262,2262,27,28,27.0,29.0
2263,2263,2263,27,28,27.0,29.0
2264,2264,2264,28,29,27.0,29.0
2265,2265,2265,27,28,27.0,29.0
2266,2266,2266,27,33,27.0,29.0
2267,2267,2267,28,29,27.0,29.0
2268,2268,2268,27,29,27.0,29.0
2269,2269,2269,28,29,27.0,29.0
2270,2270,2270,28,29,27.0,29.0
2271,2271,2271,27,28,27.0,29.0
2272,2272,2272,28,29,27.0,29.0
2273,2273,2273,27,28,27.0,29.0
2274,2274,2274,27,28,27.0,29.0
2275,2275,2275,27,28,27.0,29.0
2276,2276,2276,27,28,27.0,29.0
2277,2277,2277,27,28,27.0,29.0
2278,2278,2278,25,28,27.0,29.0
2279,2279,2279,27,28,27.0,29.0
2280,2280,2280,27,29,27.0,29.0
2281,2281,2281,27,29,27.0,29.0
2282,2282,2282,27,29,27.0,29.0
2283,2283,2283,26,32,27.0,29.0
2284,2284,2284,27,29,27.0,29.0
2285,2285,2285,27,29,27.0,29.0
2286,2286,2286,27,29,27.0,29.0
2287,2287,2287,27,28,27.0,29.0
2288,2288,2288,28,29,27.0,29.0
2289,2289,2289,28,29,27.0,28.0
2290,2290,2290,28,33,27.0,28.0
2291,2291,2291,28,29,27.0,28.0
2292,2292,2292,27,28,28.0,28.0
2293,2293,2293,27,28,28.0,28.0
2294,2294,2294,28,28,28.0,28.0
2295,2295,2295,28,28,28.0,28.0
2296,2296,2296,27,28,28.0,28.0
2297,2297,2297,27,29,28.0,28.0
2298,2298,2298,24,33,28.0,28.0
2299,2299,2299,28,28,28.0,28.0
2300,2300,2300,28,28,28.0,28.0
2301,2301,2301,27,28,28.0,28.0
2302,2302,2302,28,28,28.0,28.0
2303,2303,2303,28,28,28.0,28.0
2304,2304,2304,28,28,28.0,28.0
2305,2305,2305,28,28,28.0,28.0
2306,2306,2306,28,29,28.0,28.0
2307,2307,2307,28,29,28.0,28.0
2308,2308,2308,28,29,28.0,28.0
2309,2309,2309,28,28,28.0,28.0
2310,2310,2310,28,29,28.0,28.0
2311,2311,2311,28,29,28.0,28.0
2312,2312,2312,28,28,28.0,28.0
2313,2313,2313,28,28,28.0,28.0
2314,2314,2314,28,28,28.0,28.0
2315,2315,2315,28,28,28.0,28.0
2316,2316,2316,28,28,28.0,28.0
2317,2317,2317,28,28,28.0,28.0
2318,2318,2318,28,28,28.0,28.0
2319,2319,2319,28,28,28.0,28.0
2320,2320,2320,28,28,28.0,28.0
2321,2321,2321,33,28,28.0,28.0
2322,2322,2322,28,28,28.0,28.0
2323,2323,2323,28,28,28.0,28.0
2324,2324,2324,28,28,28.0,28.0
2325,2325,2325,28,28,28.0,28.0
2326,2326,2326,28,28,28.0,28.0
2327,2327,2327,28,28,29.0,28.0
2328,2328,2328,28,28,29.0,28.0
