,Frame,prox,dist,prox_filtered,dist_filtered
0,0,0,0,21.0,24.0
1,1,4,8,21.0,24.0
2,2,14,28,21.0,25.0
3,3,19,27,22.0,25.0
4,4,22,18,22.0,25.0
5,5,20,25,22.0,25.0
6,6,24,23,22.0,25.0
7,7,28,29,22.0,25.0
8,8,21,29,22.0,25.0
9,9,24,30,22.0,25.0
10,10,23,30,22.0,25.0
11,11,26,29,22.0,25.0
12,12,24,29,22.0,25.0
13,13,28,28,22.0,25.0
14,14,24,29,22.0,25.0
15,15,27,27,22.0,25.0
16,16,22,27,22.0,25.0
17,17,20,29,22.0,25.0
18,18,23,28,22.0,25.0
19,19,21,30,22.0,25.0
20,20,22,24,22.0,25.0
21,21,23,28,22.0,26.0
22,22,23,23,22.0,26.0
23,23,20,26,22.0,26.0
24,24,22,25,22.0,26.0
25,25,23,26,22.0,26.0
26,26,26,27,22.0,26.0
27,27,23,27,22.0,26.0
28,28,24,27,22.0,26.0
29,29,23,28,22.0,26.0
30,30,27,28,23.0,26.0
31,31,26,26,23.0,26.0
32,32,25,28,23.0,26.0
33,33,23,23,23.0,26.0
34,34,22,25,23.0,26.0
35,35,26,20,23.0,26.0
36,36,25,22,23.0,26.0
37,37,25,23,23.0,26.0
38,38,25,22,23.0,26.0
39,39,24,22,23.0,27.0
40,40,24,23,23.0,27.0
41,41,24,23,23.0,27.0
42,42,27,22,23.0,27.0
43,43,27,24,23.0,27.0
44,44,23,28,23.0,27.0
45,45,23,30,23.0,27.0
46,46,23,29,23.0,27.0
47,47,23,30,23.0,27.0
48,48,26,28,23.0,27.0
49,49,27,27,23.0,27.0
50,50,23,28,23.0,27.0
51,51,23,30,23.0,27.0
52,52,22,30,24.0,28.0
53,53,24,30,24.0,28.0
54,54,21,30,24.0,28.0
55,55,25,30,24.0,28.0
56,56,23,30,24.0,28.0
57,57,26,30,24.0,28.0
58,58,23,28,24.0,28.0
59,59,23,29,24.0,28.0
60,60,23,28,24.0,27.0
61,61,23,30,24.0,27.0
62,62,20,29,24.0,27.0
63,63,23,30,24.0,27.0
64,64,22,31,24.0,27.0
65,65,23,30,24.0,27.0
66,66,21,27,24.0,27.0
67,67,24,30,24.0,27.0
68,68,26,28,24.0,27.0
69,69,23,28,24.0,27.0
70,70,26,31,24.0,27.0
71,71,24,28,24.0,27.0
72,72,23,30,24.0,27.0
73,73,24,30,24.0,27.0
74,74,24,30,24.0,27.0
75,75,25,29,25.0,27.0
76,76,25,30,25.0,27.0
77,77,28,29,25.0,27.0
78,78,26,27,25.0,27.0
79,79,24,29,25.0,27.0
80,80,28,29,25.0,27.0
81,81,23,31,25.0,27.0
82,82,24,30,25.0,27.0
83,83,24,27,25.0,27.0
84,84,23,28,25.0,27.0
85,85,23,30,25.0,27.0
86,86,22,30,25.0,27.0
87,87,22,30,25.0,27.0
88,88,24,30,25.0,28.0
89,89,23,30,25.0,28.0
90,90,23,29,25.0,28.0
91,91,24,27,25.0,28.0
92,92,26,27,25.0,28.0
93,93,26,26,25.0,28.0
94,94,24,25,25.0,28.0
95,95,26,27,25.0,28.0
96,96,24,28,25.0,28.0
97,97,23,29,25.0,28.0
98,98,23,27,25.0,28.0
99,99,22,28,25.0,28.0
100,100,23,25,25.0,28.0
101,101,23,26,25.0,28.0
102,102,28,27,25.0,28.0
103,103,28,24,25.0,28.0
104,104,27,27,25.0,28.0
105,105,25,28,26.0,28.0
106,106,27,26,26.0,28.0
107,107,22,25,26.0,28.0
108,108,24,23,26.0,28.0
109,109,26,22,26.0,28.0
110,110,28,22,26.0,28.0
111,111,25,24,26.0,28.0
112,112,25,22,26.0,28.0
113,113,27,22,26.0,28.0
114,114,27,23,26.0,28.0
115,115,26,27,26.0,28.0
116,116,24,26,26.0,28.0
117,117,23,28,27.0,28.0
118,118,23,27,27.0,28.0
119,119,27,26,27.0,28.0
120,120,28,28,27.0,28.0
121,121,28,27,27.0,28.0
122,122,29,25,27.0,28.0
123,123,27,27,27.0,28.0
124,124,26,27,27.0,28.0
125,125,30,28,27.0,28.0
126,126,27,28,27.0,28.0
127,127,30,26,27.0,28.0
128,128,28,22,28.0,28.0
129,129,28,27,28.0,28.0
130,130,26,29,28.0,28.0
131,131,22,28,28.0,28.0
132,132,22,30,28.0,28.0
133,133,24,30,28.0,28.0
134,134,25,28,28.0,28.0
135,135,25,29,28.0,28.0
136,136,23,30,28.0,28.0
137,137,24,30,29.0,28.0
138,138,26,28,29.0,28.0
139,139,22,28,29.0,28.0
140,140,23,27,29.0,28.0
141,141,25,30,29.0,28.0
142,142,27,28,29.0,28.0
143,143,24,30,29.0,28.0
144,144,26,30,29.0,28.0
145,145,29,28,29.0,28.0
146,146,31,31,29.0,28.0
147,147,34,22,30.0,28.0
148,148,33,28,30.0,28.0
149,149,33,28,30.0,28.0
150,150,32,27,30.0,28.0
151,151,32,30,30.0,28.0
152,152,31,28,30.0,28.0
153,153,32,29,30.0,28.0
154,154,32,28,30.0,28.0
155,155,33,30,30.0,28.0
156,156,33,30,30.0,28.0
157,157,33,30,30.0,28.0
158,158,31,30,31.0,28.0
159,159,31,28,31.0,28.0
160,160,30,27,31.0,28.0
161,161,31,28,31.0,28.0
162,162,32,28,31.0,28.0
163,163,31,28,31.0,28.0
164,164,33,26,31.0,29.0
165,165,32,29,31.0,29.0
166,166,33,30,31.0,29.0
167,167,32,30,31.0,29.0
168,168,33,31,31.0,29.0
169,169,33,29,31.0,29.0
170,170,33,28,31.0,29.0
171,171,33,28,31.0,29.0
172,172,33,30,32.0,29.0
173,173,32,30,32.0,29.0
174,174,32,28,32.0,29.0
175,175,32,30,32.0,29.0
176,176,31,30,32.0,29.0
177,177,34,28,32.0,29.0
178,178,41,29,32.0,29.0
179,179,34,28,32.0,29.0
180,180,36,30,32.0,29.0
181,181,34,28,32.0,29.0
182,182,35,31,32.0,29.0
183,183,43,30,32.0,29.0
184,184,34,29,32.0,29.0
185,185,34,27,32.0,28.0
186,186,36,27,33.0,28.0
187,187,34,30,33.0,28.0
188,188,35,30,33.0,28.0
189,189,34,30,33.0,28.0
190,190,33,29,33.0,28.0
191,191,33,30,33.0,28.0
192,192,35,30,33.0,28.0
193,193,34,29,33.0,28.0
194,194,34,30,33.0,28.0
195,195,34,28,33.0,28.0
196,196,33,30,33.0,28.0
197,197,35,27,33.0,28.0
198,198,34,31,33.0,28.0
199,199,34,30,33.0,28.0
200,200,34,28,33.0,28.0
201,201,36,28,33.0,28.0
202,202,35,31,33.0,28.0
203,203,33,26,33.0,28.0
204,204,34,31,33.0,28.0
205,205,32,29,33.0,28.0
206,206,31,31,33.0,28.0
207,207,33,29,33.0,28.0
208,208,34,27,33.0,28.0
209,209,33,30,32.0,28.0
210,210,33,29,32.0,28.0
211,211,36,30,32.0,28.0
212,212,33,26,32.0,28.0
213,213,33,31,32.0,27.0
214,214,33,30,32.0,27.0
215,215,32,30,32.0,27.0
216,216,33,30,32.0,27.0
217,217,33,31,32.0,27.0
218,218,33,30,32.0,27.0
219,219,33,28,32.0,27.0
220,220,32,26,32.0,27.0
221,221,32,28,32.0,27.0
222,222,34,29,32.0,27.0
223,223,34,26,32.0,27.0
224,224,33,26,32.0,27.0
225,225,34,28,32.0,27.0
226,226,41,28,32.0,27.0
227,227,33,23,32.0,27.0
228,228,33,26,32.0,26.0
229,229,33,23,32.0,26.0
230,230,32,26,32.0,26.0
231,231,33,26,32.0,26.0
232,232,32,26,31.0,26.0
233,233,34,22,31.0,26.0
234,234,33,25,31.0,26.0
235,235,32,23,31.0,26.0
236,236,33,27,31.0,26.0
237,237,32,26,31.0,26.0
238,238,32,25,31.0,26.0
239,239,30,26,31.0,26.0
240,240,32,28,31.0,26.0
241,241,32,26,31.0,26.0
242,242,30,28,31.0,26.0
243,243,31,23,31.0,26.0
244,244,28,26,31.0,26.0
245,245,27,26,31.0,25.0
246,246,30,27,31.0,25.0
247,247,31,27,31.0,25.0
248,248,31,27,31.0,25.0
249,249,29,28,30.0,25.0
250,250,29,27,30.0,25.0
251,251,27,25,30.0,25.0
252,252,28,26,30.0,25.0
253,253,27,24,30.0,25.0
254,254,29,26,30.0,25.0
255,255,30,22,30.0,25.0
256,256,24,26,30.0,25.0
257,257,23,23,30.0,25.0
258,258,27,22,30.0,25.0
259,259,27,26,30.0,25.0
260,260,28,19,30.0,25.0
261,261,29,21,30.0,25.0
262,262,28,21,30.0,25.0
263,263,30,18,30.0,25.0
264,264,29,22,30.0,25.0
265,265,28,22,30.0,25.0
266,266,28,21,30.0,25.0
267,267,28,22,30.0,25.0
268,268,28,27,30.0,25.0
269,269,25,23,30.0,25.0
270,270,27,23,30.0,25.0
271,271,28,25,30.0,25.0
272,272,30,22,30.0,25.0
273,273,31,20,30.0,25.0
274,274,27,22,30.0,25.0
275,275,27,25,30.0,25.0
276,276,29,23,30.0,25.0
277,277,28,20,30.0,25.0
278,278,30,23,30.0,25.0
279,279,32,21,29.0,25.0
280,280,27,20,29.0,25.0
281,281,31,16,29.0,25.0
282,282,27,22,29.0,25.0
283,283,31,22,29.0,25.0
284,284,31,22,29.0,25.0
285,285,30,24,29.0,25.0
286,286,31,27,29.0,25.0
287,287,31,25,29.0,25.0
288,288,28,26,29.0,25.0
289,289,28,26,29.0,25.0
290,290,24,25,29.0,26.0
291,291,24,26,29.0,26.0
292,292,24,26,29.0,26.0
293,293,28,22,29.0,26.0
294,294,31,25,29.0,26.0
295,295,30,22,29.0,26.0
296,296,30,26,29.0,26.0
297,297,29,23,29.0,26.0
298,298,32,25,29.0,26.0
299,299,28,26,29.0,26.0
300,300,28,27,29.0,26.0
301,301,30,26,29.0,26.0
302,302,29,27,29.0,26.0
303,303,31,28,29.0,26.0
304,304,32,29,29.0,26.0
305,305,30,26,29.0,26.0
306,306,31,26,29.0,26.0
307,307,31,24,29.0,26.0
308,308,30,26,29.0,26.0
309,309,30,27,29.0,26.0
310,310,31,24,29.0,26.0
311,311,30,26,29.0,26.0
312,312,31,23,29.0,26.0
313,313,31,27,29.0,26.0
314,314,30,26,29.0,27.0
315,315,30,23,29.0,27.0
316,316,31,25,29.0,27.0
317,317,31,27,29.0,27.0
318,318,30,24,29.0,27.0
319,319,27,27,29.0,27.0
320,320,29,27,29.0,27.0
321,321,29,26,29.0,27.0
322,322,31,30,29.0,27.0
323,323,31,30,29.0,27.0
324,324,29,30,29.0,27.0
325,325,32,30,29.0,27.0
326,326,29,30,29.0,27.0
327,327,31,30,29.0,27.0
328,328,30,30,29.0,27.0
329,329,31,31,29.0,27.0
330,330,29,30,29.0,28.0
331,331,29,31,29.0,28.0
332,332,29,31,29.0,28.0
333,333,29,31,29.0,28.0
334,334,28,31,29.0,28.0
335,335,27,30,29.0,28.0
336,336,31,31,29.0,28.0
337,337,28,31,29.0,28.0
338,338,28,30,29.0,28.0
339,339,28,30,29.0,28.0
340,340,31,29,29.0,28.0
341,341,32,30,29.0,28.0
342,342,27,30,29.0,28.0
343,343,32,30,29.0,28.0
344,344,26,31,29.0,28.0
345,345,31,29,29.0,28.0
346,346,30,30,29.0,28.0
347,347,28,30,29.0,28.0
348,348,30,27,29.0,28.0
349,349,28,29,29.0,28.0
350,350,26,31,29.0,28.0
351,351,27,30,29.0,28.0
352,352,27,30,29.0,28.0
353,353,28,31,29.0,28.0
354,354,27,28,29.0,28.0
355,355,27,30,29.0,28.0
356,356,26,27,29.0,28.0
357,357,27,28,29.0,28.0
358,358,31,31,29.0,28.0
359,359,28,25,29.0,28.0
360,360,30,30,29.0,28.0
361,361,28,28,29.0,28.0
362,362,28,27,29.0,28.0
363,363,27,28,29.0,29.0
364,364,31,30,29.0,29.0
365,365,27,30,29.0,29.0
366,366,30,31,29.0,29.0
367,367,28,26,29.0,29.0
368,368,27,30,29.0,29.0
369,369,28,28,29.0,29.0
370,370,29,30,29.0,29.0
371,371,28,28,29.0,29.0
372,372,27,29,29.0,29.0
373,373,28,29,28.0,29.0
374,374,31,27,28.0,29.0
375,375,30,27,28.0,29.0
376,376,30,31,28.0,29.0
377,377,26,27,28.0,29.0
378,378,25,30,28.0,29.0
379,379,28,27,28.0,29.0
380,380,28,30,28.0,29.0
381,381,27,27,28.0,29.0
382,382,26,29,28.0,29.0
383,383,25,26,28.0,29.0
384,384,31,26,28.0,29.0
385,385,28,27,28.0,29.0
386,386,30,26,28.0,29.0
387,387,27,26,28.0,29.0
388,388,30,25,28.0,29.0
389,389,29,27,28.0,29.0
390,390,28,29,28.0,29.0
391,391,29,27,28.0,29.0
392,392,30,24,28.0,29.0
393,393,30,26,28.0,29.0
394,394,29,29,28.0,28.0
395,395,27,29,28.0,28.0
396,396,30,29,28.0,28.0
397,397,30,30,28.0,28.0
398,398,29,30,28.0,28.0
399,399,28,27,28.0,28.0
400,400,28,30,28.0,28.0
401,401,30,28,28.0,28.0
402,402,27,30,28.0,28.0
403,403,28,28,28.0,28.0
404,404,30,30,28.0,28.0
405,405,27,31,28.0,28.0
406,406,27,31,28.0,28.0
407,407,29,30,28.0,28.0
408,408,29,24,28.0,28.0
409,409,30,25,28.0,28.0
410,410,31,26,28.0,28.0
411,411,28,26,28.0,28.0
412,412,28,26,28.0,28.0
413,413,29,28,28.0,28.0
414,414,26,27,28.0,28.0
415,415,28,31,28.0,28.0
416,416,26,27,28.0,28.0
417,417,28,27,28.0,28.0
418,418,28,29,28.0,28.0
419,419,26,31,28.0,28.0
420,420,26,30,28.0,28.0
421,421,28,30,28.0,28.0
422,422,28,30,28.0,28.0
423,423,25,29,28.0,28.0
424,424,23,30,28.0,28.0
425,425,28,27,28.0,28.0
426,426,27,31,28.0,28.0
427,427,29,28,28.0,28.0
428,428,27,30,28.0,28.0
429,429,29,27,28.0,28.0
430,430,27,30,28.0,28.0
431,431,30,30,28.0,28.0
432,432,27,29,28.0,28.0
433,433,26,29,28.0,28.0
434,434,28,29,28.0,28.0
435,435,23,29,28.0,28.0
436,436,22,30,28.0,28.0
437,437,22,30,28.0,28.0
438,438,23,30,28.0,28.0
439,439,28,29,28.0,28.0
440,440,27,29,28.0,29.0
441,441,31,26,28.0,29.0
442,442,28,27,28.0,29.0
443,443,27,26,28.0,29.0
444,444,28,27,28.0,29.0
445,445,29,29,28.0,29.0
446,446,26,30,28.0,29.0
447,447,27,29,28.0,29.0
448,448,28,27,28.0,29.0
449,449,27,27,28.0,29.0
450,450,30,26,28.0,29.0
451,451,31,29,28.0,29.0
452,452,27,29,28.0,29.0
453,453,27,30,28.0,29.0
454,454,26,28,28.0,29.0
455,455,30,31,28.0,29.0
456,456,31,30,28.0,29.0
457,457,30,28,28.0,29.0
458,458,29,27,28.0,29.0
459,459,29,25,28.0,29.0
460,460,34,30,28.0,29.0
461,461,31,27,28.0,29.0
462,462,29,26,28.0,29.0
463,463,29,30,28.0,29.0
464,464,28,23,28.0,29.0
465,465,29,27,28.0,29.0
466,466,27,27,28.0,29.0
467,467,27,27,28.0,29.0
468,468,28,25,28.0,29.0
469,469,27,28,28.0,29.0
470,470,26,30,28.0,29.0
471,471,26,27,28.0,29.0
472,472,26,27,28.0,29.0
473,473,28,30,28.0,29.0
474,474,25,29,28.0,29.0
475,475,32,30,28.0,29.0
476,476,32,27,28.0,29.0
477,477,26,26,28.0,29.0
478,478,26,31,28.0,29.0
479,479,23,31,28.0,29.0
480,480,26,31,28.0,29.0
481,481,22,30,28.0,29.0
482,482,24,27,28.0,29.0
483,483,26,31,28.0,29.0
484,484,28,30,28.0,29.0
485,485,26,30,28.0,29.0
486,486,26,30,28.0,29.0
487,487,26,30,28.0,29.0
488,488,28,31,29.0,29.0
489,489,27,28,29.0,29.0
490,490,25,31,29.0,29.0
491,491,28,30,29.0,29.0
492,492,29,30,29.0,29.0
493,493,28,30,29.0,29.0
494,494,31,30,29.0,29.0
495,495,30,31,29.0,29.0
496,496,28,31,29.0,29.0
497,497,29,30,29.0,29.0
498,498,30,31,29.0,29.0
499,499,30,31,29.0,30.0
500,500,30,30,29.0,30.0
501,501,30,30,29.0,30.0
502,502,26,31,29.0,30.0
503,503,28,30,29.0,30.0
504,504,31,30,29.0,30.0
505,505,28,30,29.0,30.0
506,506,31,31,29.0,30.0
507,507,31,31,29.0,30.0
508,508,31,31,29.0,30.0
509,509,29,31,29.0,30.0
510,510,31,30,29.0,30.0
511,511,27,31,29.0,30.0
512,512,31,31,28.0,30.0
513,513,28,28,28.0,30.0
514,514,30,30,28.0,30.0
515,515,31,30,28.0,30.0
516,516,31,30,28.0,30.0
517,517,25,30,28.0,30.0
518,518,31,30,28.0,30.0
519,519,32,31,28.0,30.0
520,520,31,31,28.0,30.0
521,521,29,31,28.0,30.0
522,522,27,31,28.0,30.0
523,523,29,31,28.0,30.0
524,524,29,31,28.0,30.0
525,525,26,29,28.0,30.0
526,526,26,30,28.0,30.0
527,527,30,31,28.0,30.0
528,528,29,31,28.0,30.0
529,529,27,30,28.0,30.0
530,530,29,30,28.0,30.0
531,531,32,28,28.0,30.0
532,532,33,30,29.0,30.0
533,533,32,30,29.0,30.0
534,534,32,30,29.0,30.0
535,535,29,30,29.0,30.0
536,536,33,30,29.0,30.0
537,537,30,29,29.0,30.0
538,538,31,29,29.0,30.0
539,539,33,30,29.0,30.0
540,540,32,30,29.0,30.0
541,541,31,29,29.0,30.0
542,542,32,30,29.0,30.0
543,543,28,30,29.0,30.0
544,544,27,30,29.0,30.0
545,545,28,31,29.0,30.0
546,546,27,31,29.0,30.0
547,547,28,31,29.0,30.0
548,548,28,31,29.0,30.0
549,549,27,31,29.0,30.0
550,550,29,31,29.0,30.0
551,551,27,30,29.0,30.0
552,552,26,30,29.0,30.0
553,553,31,31,29.0,30.0
554,554,30,30,30.0,30.0
555,555,28,30,30.0,30.0
556,556,27,31,30.0,30.0
557,557,28,31,30.0,30.0
558,558,26,31,30.0,30.0
559,559,28,30,30.0,30.0
560,560,25,30,30.0,30.0
561,561,29,30,30.0,30.0
562,562,25,30,30.0,30.0
563,563,27,30,30.0,30.0
564,564,28,30,30.0,30.0
565,565,28,31,30.0,30.0
566,566,28,30,30.0,30.0
567,567,27,29,30.0,30.0
568,568,25,31,30.0,30.0
569,569,24,30,30.0,30.0
570,570,29,30,30.0,30.0
571,571,27,29,30.0,30.0
572,572,26,30,30.0,30.0
573,573,27,31,30.0,30.0
574,574,31,31,30.0,30.0
575,575,27,31,30.0,30.0
576,576,26,31,30.0,30.0
577,577,28,31,30.0,30.0
578,578,28,31,30.0,30.0
579,579,31,31,30.0,30.0
580,580,26,30,30.0,30.0
581,581,25,30,30.0,30.0
582,582,31,30,30.0,30.0
583,583,27,30,30.0,30.0
584,584,30,30,30.0,30.0
585,585,31,30,30.0,30.0
586,586,31,30,30.0,30.0
587,587,32,31,30.0,30.0
588,588,33,31,30.0,30.0
589,589,32,30,30.0,30.0
590,590,34,31,30.0,30.0
591,591,33,31,29.0,30.0
592,592,33,30,29.0,30.0
593,593,33,30,29.0,30.0
594,594,33,30,29.0,30.0
595,595,33,31,29.0,30.0
596,596,34,31,29.0,30.0
597,597,33,31,29.0,30.0
598,598,33,31,29.0,30.0
599,599,32,30,29.0,30.0
600,600,33,30,29.0,30.0
601,601,33,31,29.0,30.0
602,602,33,30,29.0,30.0
603,603,33,30,29.0,30.0
604,604,32,30,29.0,30.0
605,605,33,30,29.0,30.0
606,606,33,30,29.0,30.0
607,607,34,30,29.0,30.0
608,608,33,30,29.0,30.0
609,609,31,30,29.0,30.0
610,610,32,31,29.0,30.0
611,611,28,31,29.0,30.0
612,612,32,31,29.0,30.0
613,613,33,31,29.0,30.0
614,614,33,30,29.0,30.0
615,615,33,30,29.0,30.0
616,616,32,31,29.0,30.0
617,617,33,30,29.0,30.0
618,618,33,30,29.0,30.0
619,619,33,30,29.0,30.0
620,620,32,31,29.0,30.0
621,621,32,30,30.0,30.0
622,622,32,29,30.0,30.0
623,623,31,31,30.0,30.0
624,624,32,30,30.0,30.0
625,625,31,30,30.0,30.0
626,626,30,31,30.0,30.0
627,627,23,31,30.0,30.0
628,628,31,30,30.0,30.0
629,629,27,30,30.0,30.0
630,630,26,31,30.0,30.0
631,631,26,31,30.0,30.0
632,632,25,30,30.0,30.0
633,633,26,31,30.0,30.0
634,634,27,30,30.0,30.0
635,635,27,30,30.0,30.0
636,636,24,30,30.0,30.0
637,637,25,30,30.0,30.0
638,638,27,31,30.0,30.0
639,639,28,30,30.0,30.0
640,640,27,30,30.0,30.0
641,641,26,30,30.0,30.0
642,642,26,31,30.0,30.0
643,643,26,30,30.0,30.0
644,644,25,31,30.0,30.0
645,645,31,31,30.0,30.0
646,646,31,31,29.0,30.0
647,647,25,30,29.0,30.0
648,648,26,30,29.0,30.0
649,649,31,31,29.0,30.0
650,650,29,30,29.0,30.0
651,651,25,30,29.0,30.0
652,652,27,30,29.0,30.0
653,653,23,30,29.0,30.0
654,654,26,31,29.0,30.0
655,655,27,31,29.0,30.0
656,656,26,31,29.0,30.0
657,657,27,31,29.0,30.0
658,658,28,31,29.0,30.0
659,659,31,30,29.0,30.0
660,660,27,31,29.0,30.0
661,661,29,31,29.0,30.0
662,662,26,31,29.0,30.0
663,663,25,30,29.0,30.0
664,664,30,31,29.0,30.0
665,665,27,31,28.0,30.0
666,666,32,30,28.0,30.0
667,667,32,31,28.0,30.0
668,668,30,31,28.0,30.0
669,669,30,31,28.0,30.0
670,670,27,30,28.0,30.0
671,671,30,30,28.0,30.0
672,672,27,29,28.0,30.0
673,673,31,30,28.0,30.0
674,674,31,30,28.0,30.0
675,675,32,30,28.0,30.0
676,676,31,30,28.0,30.0
677,677,31,30,28.0,29.0
678,678,31,30,28.0,29.0
679,679,31,31,28.0,29.0
680,680,31,31,28.0,29.0
681,681,31,30,28.0,29.0
682,682,28,28,28.0,29.0
683,683,28,31,28.0,29.0
684,684,30,30,28.0,29.0
685,685,31,29,28.0,29.0
686,686,27,31,28.0,29.0
687,687,27,29,28.0,29.0
688,688,30,28,28.0,29.0
689,689,26,31,28.0,29.0
690,690,29,31,28.0,29.0
691,691,31,31,28.0,29.0
692,692,30,29,28.0,29.0
693,693,31,31,29.0,29.0
694,694,31,30,29.0,29.0
695,695,31,30,29.0,29.0
696,696,27,30,29.0,29.0
697,697,27,26,28.0,29.0
698,698,30,30,29.0,29.0
699,699,27,30,29.0,29.0
700,700,27,30,29.0,29.0
701,701,30,30,29.0,29.0
702,702,27,31,29.0,29.0
703,703,30,30,29.0,29.0
704,704,32,28,29.0,29.0
705,705,26,30,29.0,29.0
706,706,33,26,29.0,28.0
707,707,26,28,29.0,28.0
708,708,26,29,29.0,28.0
709,709,24,27,29.0,28.0
710,710,27,26,29.0,28.0
711,711,27,27,29.0,28.0
712,712,28,30,29.0,28.0
713,713,24,27,29.0,28.0
714,714,23,27,29.0,28.0
715,715,24,27,29.0,28.0
716,716,31,27,29.0,28.0
717,717,31,27,29.0,28.0
718,718,29,27,29.0,28.0
719,719,28,26,29.0,28.0
720,720,27,26,29.0,28.0
721,721,28,27,29.0,28.0
722,722,29,26,29.0,28.0
723,723,28,26,29.0,28.0
724,724,28,26,29.0,28.0
725,725,28,26,29.0,28.0
726,726,30,24,29.0,28.0
727,727,30,25,29.0,28.0
728,728,30,27,29.0,28.0
729,729,30,26,29.0,28.0
730,730,28,27,29.0,28.0
731,731,27,26,28.0,28.0
732,732,29,27,28.0,27.0
733,733,29,23,28.0,27.0
734,734,27,27,28.0,27.0
735,735,24,27,28.0,27.0
736,736,28,27,28.0,27.0
737,737,32,30,28.0,27.0
738,738,30,29,28.0,27.0
739,739,28,27,28.0,27.0
740,740,32,26,28.0,27.0
741,741,29,29,28.0,27.0
742,742,30,29,28.0,27.0
743,743,28,26,28.0,27.0
744,744,27,30,28.0,27.0
745,745,27,28,28.0,27.0
746,746,28,26,28.0,27.0
747,747,29,27,28.0,27.0
748,748,30,27,28.0,27.0
749,749,30,26,28.0,27.0
750,750,30,30,28.0,27.0
751,751,30,27,28.0,27.0
752,752,32,25,28.0,27.0
753,753,29,27,28.0,27.0
754,754,29,25,28.0,27.0
755,755,31,26,28.0,27.0
756,756,27,27,28.0,27.0
757,757,27,28,28.0,27.0
758,758,26,27,28.0,27.0
759,759,33,27,28.0,27.0
760,760,27,26,29.0,27.0
761,761,29,25,29.0,27.0
762,762,29,27,29.0,27.0
763,763,31,27,29.0,27.0
764,764,27,26,29.0,27.0
765,765,26,27,29.0,27.0
766,766,32,29,29.0,27.0
767,767,30,23,29.0,27.0
768,768,28,26,29.0,27.0
769,769,27,24,29.0,27.0
770,770,27,27,29.0,27.0
771,771,26,27,29.0,27.0
772,772,27,26,29.0,27.0
773,773,29,26,29.0,27.0
774,774,28,30,29.0,27.0
775,775,31,26,29.0,27.0
776,776,28,25,29.0,27.0
777,777,28,27,29.0,27.0
778,778,28,28,29.0,27.0
779,779,26,28,29.0,27.0
780,780,27,28,29.0,27.0
781,781,26,27,29.0,27.0
782,782,25,25,29.0,27.0
783,783,28,28,29.0,27.0
784,784,29,28,29.0,27.0
785,785,28,25,29.0,27.0
786,786,28,26,29.0,27.0
787,787,30,27,29.0,27.0
788,788,29,28,29.0,27.0
789,789,28,27,29.0,27.0
790,790,30,23,29.0,27.0
791,791,28,30,29.0,27.0
792,792,29,24,29.0,27.0
793,793,28,30,29.0,27.0
794,794,27,30,29.0,27.0
795,795,28,29,29.0,27.0
796,796,29,27,29.0,27.0
797,797,30,30,29.0,27.0
798,798,28,30,29.0,27.0
799,799,27,30,29.0,27.0
800,800,30,23,29.0,27.0
801,801,31,30,29.0,27.0
802,802,28,28,29.0,27.0
803,803,30,27,29.0,27.0
804,804,30,28,29.0,27.0
805,805,31,31,29.0,27.0
806,806,31,29,29.0,27.0
807,807,31,31,29.0,27.0
808,808,30,27,29.0,27.0
809,809,30,27,29.0,27.0
810,810,27,26,29.0,27.0
811,811,30,27,29.0,27.0
812,812,29,28,29.0,27.0
813,813,27,28,29.0,27.0
814,814,26,26,29.0,27.0
815,815,30,26,29.0,27.0
816,816,29,25,29.0,27.0
817,817,30,25,29.0,27.0
818,818,28,27,29.0,27.0
819,819,29,29,29.0,27.0
820,820,26,27,29.0,27.0
821,821,29,26,29.0,27.0
822,822,26,27,29.0,27.0
823,823,27,27,29.0,27.0
824,824,27,26,29.0,27.0
825,825,27,23,29.0,27.0
826,826,27,25,29.0,27.0
827,827,29,28,29.0,27.0
828,828,32,28,29.0,27.0
829,829,26,25,29.0,27.0
830,830,32,27,29.0,27.0
831,831,33,27,29.0,27.0
832,832,32,30,29.0,27.0
833,833,33,24,29.0,27.0
834,834,32,27,29.0,27.0
835,835,30,30,29.0,27.0
836,836,34,27,29.0,27.0
837,837,34,26,29.0,27.0
838,838,32,25,29.0,27.0
839,839,28,28,29.0,27.0
840,840,29,27,29.0,27.0
841,841,26,27,29.0,27.0
842,842,27,23,29.0,27.0
843,843,30,28,29.0,27.0
844,844,31,26,29.0,27.0
845,845,28,28,29.0,27.0
846,846,28,26,29.0,27.0
847,847,30,29,29.0,27.0
848,848,29,30,29.0,27.0
849,849,28,27,29.0,27.0
850,850,30,26,29.0,27.0
851,851,29,27,29.0,27.0
852,852,28,27,29.0,27.0
853,853,25,25,29.0,27.0
854,854,29,27,29.0,27.0
855,855,31,26,29.0,27.0
856,856,28,27,29.0,27.0
857,857,31,27,29.0,27.0
858,858,30,27,29.0,27.0
859,859,30,27,28.0,27.0
860,860,28,28,29.0,27.0
861,861,28,27,28.0,27.0
862,862,28,28,28.0,27.0
863,863,27,29,28.0,27.0
864,864,26,28,28.0,27.0
865,865,29,26,29.0,27.0
866,866,23,26,28.0,27.0
867,867,27,23,29.0,27.0
868,868,29,24,29.0,27.0
869,869,28,26,28.0,27.0
870,870,31,25,29.0,27.0
871,871,32,26,29.0,27.0
872,872,29,28,29.0,27.0
873,873,27,27,28.0,27.0
874,874,24,25,28.0,27.0
875,875,30,26,28.0,27.0
876,876,30,26,28.0,27.0
877,877,26,26,28.0,27.0
878,878,29,27,28.0,27.0
879,879,28,27,28.0,27.0
880,880,26,26,28.0,27.0
881,881,27,28,28.0,27.0
882,882,27,27,28.0,27.0
883,883,29,28,28.0,27.0
884,884,27,26,28.0,27.0
885,885,27,28,28.0,27.0
886,886,29,27,28.0,27.0
887,887,28,26,28.0,27.0
888,888,24,27,28.0,27.0
889,889,27,25,28.0,27.0
890,890,28,27,28.0,27.0
891,891,29,25,28.0,27.0
892,892,31,25,28.0,27.0
893,893,27,26,28.0,27.0
894,894,26,27,28.0,27.0
895,895,27,25,28.0,27.0
896,896,29,28,28.0,27.0
897,897,27,28,28.0,27.0
898,898,31,28,28.0,27.0
899,899,29,27,28.0,27.0
900,900,28,26,28.0,27.0
901,901,30,28,28.0,27.0
902,902,25,29,28.0,27.0
903,903,27,31,28.0,27.0
904,904,31,27,28.0,27.0
905,905,27,27,28.0,27.0
906,906,29,27,28.0,27.0
907,907,27,27,28.0,27.0
908,908,27,26,28.0,27.0
909,909,24,28,28.0,27.0
910,910,32,27,28.0,27.0
911,911,26,26,28.0,27.0
912,912,29,28,28.0,27.0
913,913,30,25,28.0,27.0
914,914,26,25,28.0,27.0
915,915,28,27,28.0,27.0
916,916,29,25,28.0,27.0
917,917,32,27,28.0,27.0
918,918,28,26,28.0,27.0
919,919,27,25,28.0,27.0
920,920,30,26,28.0,27.0
921,921,27,27,28.0,27.0
922,922,28,25,28.0,27.0
923,923,24,26,28.0,27.0
924,924,27,26,28.0,27.0
925,925,25,27,28.0,27.0
926,926,29,25,28.0,27.0
927,927,28,27,28.0,27.0
928,928,26,28,28.0,27.0
929,929,27,27,28.0,27.0
930,930,27,26,28.0,27.0
931,931,27,28,28.0,27.0
932,932,26,26,28.0,27.0
933,933,26,27,28.0,27.0
934,934,25,23,28.0,27.0
935,935,29,24,28.0,27.0
936,936,28,26,28.0,27.0
937,937,26,26,28.0,27.0
938,938,31,28,28.0,27.0
939,939,29,27,28.0,26.0
940,940,31,27,28.0,27.0
941,941,29,28,28.0,27.0
942,942,28,27,28.0,27.0
943,943,29,25,28.0,27.0
944,944,27,28,28.0,27.0
945,945,31,26,28.0,27.0
946,946,26,26,28.0,27.0
947,947,28,26,28.0,27.0
948,948,27,28,28.0,27.0
949,949,28,27,28.0,27.0
950,950,27,26,28.0,27.0
951,951,27,28,28.0,27.0
952,952,25,28,28.0,27.0
953,953,26,27,28.0,27.0
954,954,28,28,28.0,27.0
955,955,28,27,28.0,27.0
956,956,31,27,28.0,27.0
957,957,31,27,28.0,27.0
958,958,28,26,28.0,27.0
959,959,27,27,28.0,27.0
960,960,27,27,28.0,27.0
961,961,28,27,28.0,27.0
962,962,27,27,28.0,27.0
963,963,27,31,28.0,27.0
964,964,31,29,28.0,27.0
965,965,29,27,28.0,27.0
966,966,27,25,28.0,27.0
967,967,25,23,28.0,27.0
968,968,25,26,28.0,27.0
969,969,25,24,28.0,27.0
970,970,28,25,28.0,27.0
971,971,31,26,28.0,27.0
972,972,28,28,28.0,27.0
973,973,28,26,28.0,27.0
974,974,29,27,28.0,27.0
975,975,29,26,28.0,27.0
976,976,30,27,28.0,27.0
977,977,28,26,28.0,27.0
978,978,28,27,28.0,27.0
979,979,28,23,28.0,27.0
980,980,31,26,28.0,27.0
981,981,28,25,28.0,27.0
982,982,25,25,28.0,27.0
983,983,31,26,28.0,27.0
984,984,25,24,28.0,27.0
985,985,26,28,28.0,27.0
986,986,30,26,28.0,27.0
987,987,29,27,28.0,27.0
988,988,30,25,28.0,27.0
989,989,30,25,28.0,27.0
990,990,31,28,28.0,27.0
991,991,29,30,28.0,27.0
992,992,28,30,28.0,27.0
993,993,30,26,28.0,27.0
994,994,29,29,28.0,27.0
995,995,28,28,28.0,27.0
996,996,28,30,28.0,27.0
997,997,28,30,28.0,27.0
998,998,28,30,28.0,27.0
999,999,24,27,28.0,27.0
1000,1000,30,28,28.0,27.0
1001,1001,27,28,28.0,27.0
1002,1002,28,28,28.0,27.0
1003,1003,29,26,28.0,27.0
1004,1004,28,28,28.0,27.0
1005,1005,28,25,28.0,27.0
1006,1006,27,24,28.0,27.0
1007,1007,27,28,28.0,27.0
1008,1008,29,26,28.0,27.0
1009,1009,26,27,28.0,27.0
1010,1010,31,26,28.0,27.0
1011,1011,27,28,28.0,27.0
1012,1012,31,27,28.0,27.0
1013,1013,31,26,28.0,27.0
1014,1014,28,28,28.0,27.0
1015,1015,31,27,28.0,27.0
1016,1016,28,27,28.0,27.0
1017,1017,27,26,28.0,27.0
1018,1018,28,23,28.0,28.0
1019,1019,27,27,28.0,28.0
1020,1020,29,26,28.0,28.0
1021,1021,28,26,28.0,28.0
1022,1022,27,23,28.0,28.0
1023,1023,28,26,28.0,28.0
1024,1024,31,27,28.0,28.0
1025,1025,26,30,28.0,28.0
1026,1026,25,28,28.0,28.0
1027,1027,29,25,28.0,28.0
1028,1028,28,28,28.0,28.0
1029,1029,28,30,28.0,28.0
1030,1030,26,30,28.0,28.0
1031,1031,29,27,28.0,28.0
1032,1032,25,30,28.0,28.0
1033,1033,24,30,28.0,28.0
1034,1034,25,28,28.0,28.0
1035,1035,24,28,28.0,28.0
1036,1036,28,27,28.0,28.0
1037,1037,28,30,28.0,28.0
1038,1038,27,28,28.0,28.0
1039,1039,31,27,28.0,28.0
1040,1040,26,27,28.0,28.0
1041,1041,26,28,28.0,28.0
1042,1042,26,27,28.0,28.0
1043,1043,24,30,28.0,28.0
1044,1044,31,30,28.0,28.0
1045,1045,26,29,28.0,28.0
1046,1046,26,30,28.0,28.0
1047,1047,26,30,28.0,28.0
1048,1048,24,30,28.0,28.0
1049,1049,34,31,28.0,28.0
1050,1050,25,27,28.0,28.0
1051,1051,28,28,28.0,28.0
1052,1052,30,29,28.0,28.0
1053,1053,30,29,28.0,28.0
1054,1054,27,30,28.0,28.0
1055,1055,28,29,28.0,28.0
1056,1056,26,29,28.0,28.0
1057,1057,28,29,28.0,28.0
1058,1058,30,30,28.0,28.0
1059,1059,29,27,28.0,28.0
1060,1060,29,27,28.0,28.0
1061,1061,32,28,28.0,28.0
1062,1062,31,30,28.0,28.0
1063,1063,31,29,28.0,28.0
1064,1064,31,29,28.0,28.0
1065,1065,28,30,28.0,28.0
1066,1066,28,30,28.0,28.0
1067,1067,30,28,28.0,28.0
1068,1068,31,29,28.0,28.0
1069,1069,30,29,28.0,28.0
1070,1070,30,29,28.0,28.0
1071,1071,30,30,28.0,28.0
1072,1072,28,25,28.0,28.0
1073,1073,28,25,28.0,29.0
1074,1074,32,28,28.0,29.0
1075,1075,24,28,28.0,29.0
1076,1076,26,27,28.0,29.0
1077,1077,28,30,28.0,29.0
1078,1078,30,30,28.0,29.0
1079,1079,27,30,28.0,29.0
1080,1080,26,30,28.0,29.0
1081,1081,26,28,28.0,29.0
1082,1082,28,28,28.0,29.0
1083,1083,28,30,28.0,29.0
1084,1084,31,30,28.0,29.0
1085,1085,29,30,28.0,29.0
1086,1086,28,31,28.0,29.0
1087,1087,27,26,28.0,29.0
1088,1088,28,30,28.0,29.0
1089,1089,27,30,28.0,29.0
1090,1090,29,26,28.0,29.0
1091,1091,32,28,28.0,29.0
1092,1092,27,26,28.0,29.0
1093,1093,25,27,28.0,29.0
1094,1094,25,28,28.0,29.0
1095,1095,24,27,28.0,29.0
1096,1096,25,28,28.0,29.0
1097,1097,26,26,28.0,29.0
1098,1098,28,27,28.0,29.0
1099,1099,26,28,28.0,29.0
1100,1100,27,31,28.0,29.0
1101,1101,29,30,28.0,29.0
1102,1102,24,28,28.0,29.0
1103,1103,23,27,28.0,29.0
1104,1104,27,30,28.0,29.0
1105,1105,25,25,28.0,29.0
1106,1106,25,30,28.0,29.0
1107,1107,26,26,28.0,29.0
1108,1108,26,27,28.0,29.0
1109,1109,29,27,28.0,29.0
1110,1110,28,30,28.0,29.0
1111,1111,27,31,28.0,29.0
1112,1112,26,29,28.0,29.0
1113,1113,29,29,28.0,29.0
1114,1114,27,27,28.0,29.0
1115,1115,28,27,28.0,29.0
1116,1116,26,30,28.0,29.0
1117,1117,29,31,28.0,29.0
1118,1118,29,30,28.0,29.0
1119,1119,27,31,28.0,29.0
1120,1120,26,28,28.0,29.0
1121,1121,28,28,28.0,29.0
1122,1122,28,30,28.0,29.0
1123,1123,28,30,28.0,29.0
1124,1124,30,30,28.0,29.0
1125,1125,31,30,28.0,29.0
1126,1126,27,30,28.0,29.0
1127,1127,31,30,28.0,29.0
1128,1128,29,28,28.0,29.0
1129,1129,29,28,28.0,29.0
1130,1130,26,29,28.0,29.0
1131,1131,25,28,28.0,29.0
1132,1132,30,26,28.0,29.0
1133,1133,26,30,28.0,29.0
1134,1134,27,30,28.0,29.0
1135,1135,28,29,28.0,29.0
1136,1136,24,30,28.0,29.0
1137,1137,28,27,28.0,29.0
1138,1138,29,28,28.0,29.0
1139,1139,29,27,28.0,29.0
1140,1140,25,27,28.0,29.0
1141,1141,27,27,28.0,29.0
1142,1142,27,30,28.0,29.0
1143,1143,27,30,28.0,29.0
1144,1144,29,30,28.0,29.0
1145,1145,26,30,28.0,29.0
1146,1146,26,28,28.0,29.0
1147,1147,29,30,28.0,29.0
1148,1148,31,31,28.0,29.0
1149,1149,26,31,28.0,29.0
1150,1150,29,30,28.0,29.0
1151,1151,30,30,28.0,28.0
1152,1152,31,31,28.0,28.0
1153,1153,28,30,28.0,28.0
1154,1154,29,29,28.0,28.0
1155,1155,29,27,28.0,28.0
1156,1156,25,27,28.0,28.0
1157,1157,26,29,28.0,28.0
1158,1158,29,30,28.0,28.0
1159,1159,28,30,28.0,28.0
1160,1160,29,31,28.0,28.0
1161,1161,29,30,28.0,28.0
1162,1162,28,30,28.0,28.0
1163,1163,29,30,28.0,28.0
1164,1164,29,29,28.0,28.0
1165,1165,26,28,28.0,28.0
1166,1166,29,28,28.0,28.0
1167,1167,28,28,28.0,28.0
1168,1168,29,28,28.0,28.0
1169,1169,27,29,28.0,28.0
1170,1170,26,28,28.0,28.0
1171,1171,30,29,28.0,28.0
1172,1172,31,30,28.0,28.0
1173,1173,28,29,28.0,28.0
1174,1174,30,31,28.0,28.0
1175,1175,27,30,28.0,28.0
1176,1176,30,29,28.0,28.0
1177,1177,27,30,28.0,28.0
1178,1178,29,27,28.0,28.0
1179,1179,28,26,28.0,28.0
1180,1180,29,28,28.0,28.0
1181,1181,26,28,28.0,28.0
1182,1182,29,27,28.0,28.0
1183,1183,26,26,28.0,28.0
1184,1184,27,26,28.0,28.0
1185,1185,27,27,28.0,28.0
1186,1186,32,27,28.0,27.0
1187,1187,29,25,28.0,27.0
1188,1188,26,26,28.0,27.0
1189,1189,31,26,28.0,27.0
1190,1190,28,25,28.0,27.0
1191,1191,30,28,28.0,27.0
1192,1192,29,30,28.0,27.0
1193,1193,30,27,28.0,27.0
1194,1194,27,28,28.0,27.0
1195,1195,29,27,28.0,27.0
1196,1196,30,28,28.0,27.0
1197,1197,31,27,28.0,27.0
1198,1198,28,26,28.0,27.0
1199,1199,28,26,28.0,27.0
1200,1200,29,25,28.0,27.0
1201,1201,29,25,28.0,27.0
1202,1202,30,26,28.0,27.0
1203,1203,26,26,28.0,27.0
1204,1204,26,26,28.0,27.0
1205,1205,28,22,28.0,27.0
1206,1206,28,24,28.0,27.0
1207,1207,31,25,28.0,27.0
1208,1208,30,26,28.0,27.0
1209,1209,28,26,28.0,27.0
1210,1210,31,27,28.0,26.0
1211,1211,30,28,28.0,26.0
1212,1212,30,27,28.0,26.0
1213,1213,28,27,28.0,26.0
1214,1214,31,26,28.0,26.0
1215,1215,30,28,28.0,26.0
1216,1216,25,29,28.0,26.0
1217,1217,30,26,28.0,26.0
1218,1218,29,27,28.0,26.0
1219,1219,29,28,28.0,26.0
1220,1220,31,26,28.0,26.0
1221,1221,26,27,28.0,26.0
1222,1222,26,26,28.0,26.0
1223,1223,27,26,28.0,26.0
1224,1224,27,24,28.0,26.0
1225,1225,29,24,28.0,26.0
1226,1226,28,27,28.0,26.0
1227,1227,31,26,28.0,26.0
1228,1228,28,27,28.0,26.0
1229,1229,28,26,28.0,26.0
1230,1230,25,24,28.0,26.0
1231,1231,24,27,28.0,26.0
1232,1232,25,24,28.0,26.0
1233,1233,30,27,28.0,26.0
1234,1234,27,25,28.0,26.0
1235,1235,31,23,28.0,26.0
1236,1236,30,27,29.0,26.0
1237,1237,28,28,28.0,26.0
1238,1238,29,27,28.0,26.0
1239,1239,25,24,29.0,26.0
1240,1240,28,26,28.0,26.0
1241,1241,31,26,28.0,26.0
1242,1242,30,26,28.0,26.0
1243,1243,29,27,28.0,25.0
1244,1244,29,23,28.0,25.0
1245,1245,28,26,28.0,25.0
1246,1246,28,24,28.0,25.0
1247,1247,29,23,28.0,25.0
1248,1248,29,22,28.0,25.0
1249,1249,30,26,28.0,25.0
1250,1250,28,27,28.0,25.0
1251,1251,28,27,28.0,25.0
1252,1252,26,24,28.0,25.0
1253,1253,31,24,28.0,25.0
1254,1254,27,22,28.0,25.0
1255,1255,28,26,28.0,25.0
1256,1256,26,27,28.0,25.0
1257,1257,28,23,28.0,25.0
1258,1258,30,23,28.0,25.0
1259,1259,28,22,28.0,25.0
1260,1260,28,24,28.0,25.0
1261,1261,29,25,28.0,25.0
1262,1262,27,25,28.0,25.0
1263,1263,25,27,28.0,25.0
1264,1264,31,24,28.0,25.0
1265,1265,29,23,28.0,25.0
1266,1266,28,23,28.0,25.0
1267,1267,30,23,28.0,25.0
1268,1268,29,24,28.0,25.0
1269,1269,28,25,28.0,25.0
1270,1270,26,26,28.0,25.0
1271,1271,30,23,28.0,25.0
1272,1272,30,23,28.0,25.0
1273,1273,28,25,28.0,25.0
1274,1274,28,26,28.0,25.0
1275,1275,28,26,28.0,25.0
1276,1276,27,26,28.0,25.0
1277,1277,28,23,28.0,25.0
1278,1278,28,23,28.0,25.0
1279,1279,30,27,28.0,25.0
1280,1280,28,27,28.0,25.0
1281,1281,31,27,28.0,25.0
1282,1282,30,27,28.0,25.0
1283,1283,27,25,28.0,25.0
1284,1284,28,26,28.0,25.0
1285,1285,28,23,28.0,25.0
1286,1286,28,26,28.0,25.0
1287,1287,29,26,28.0,25.0
1288,1288,30,26,28.0,25.0
1289,1289,28,26,28.0,25.0
1290,1290,25,26,28.0,26.0
1291,1291,29,26,28.0,26.0
1292,1292,26,25,28.0,26.0
1293,1293,28,26,28.0,26.0
1294,1294,28,27,28.0,26.0
1295,1295,26,24,28.0,26.0
1296,1296,31,22,28.0,26.0
1297,1297,28,26,28.0,26.0
1298,1298,29,26,28.0,26.0
1299,1299,28,23,28.0,26.0
1300,1300,28,26,28.0,26.0
1301,1301,27,27,28.0,26.0
1302,1302,26,26,28.0,26.0
1303,1303,24,27,28.0,26.0
1304,1304,26,26,28.0,26.0
1305,1305,26,23,28.0,26.0
1306,1306,23,25,28.0,26.0
1307,1307,28,26,28.0,26.0
1308,1308,26,26,28.0,26.0
1309,1309,28,26,28.0,26.0
1310,1310,31,26,28.0,26.0
1311,1311,27,26,28.0,26.0
1312,1312,26,23,28.0,26.0
1313,1313,29,26,28.0,26.0
1314,1314,26,27,28.0,26.0
1315,1315,25,23,28.0,26.0
1316,1316,31,26,28.0,27.0
1317,1317,29,29,28.0,27.0
1318,1318,29,26,28.0,27.0
1319,1319,24,28,28.0,27.0
1320,1320,27,27,28.0,27.0
1321,1321,29,26,28.0,27.0
1322,1322,29,23,28.0,27.0
1323,1323,32,25,28.0,27.0
1324,1324,29,30,28.0,27.0
1325,1325,24,30,28.0,27.0
1326,1326,25,27,28.0,27.0
1327,1327,29,26,28.0,27.0
1328,1328,24,27,28.0,27.0
1329,1329,28,25,28.0,27.0
1330,1330,26,26,28.0,27.0
1331,1331,29,29,28.0,27.0
1332,1332,25,27,28.0,27.0
1333,1333,28,26,28.0,27.0
1334,1334,25,24,28.0,27.0
1335,1335,26,26,28.0,27.0
1336,1336,28,27,28.0,27.0
1337,1337,28,27,28.0,27.0
1338,1338,26,27,28.0,27.0
1339,1339,25,30,28.0,27.0
1340,1340,29,30,28.0,27.0
1341,1341,26,29,28.0,27.0
1342,1342,29,30,28.0,27.0
1343,1343,27,30,28.0,27.0
1344,1344,27,31,28.0,27.0
1345,1345,32,27,28.0,27.0
1346,1346,30,29,28.0,27.0
1347,1347,30,28,28.0,27.0
1348,1348,29,28,28.0,27.0
1349,1349,30,27,28.0,27.0
1350,1350,31,28,28.0,27.0
1351,1351,30,30,28.0,27.0
1352,1352,29,27,28.0,27.0
1353,1353,27,27,28.0,27.0
1354,1354,26,27,28.0,27.0
1355,1355,28,25,28.0,27.0
1356,1356,25,30,28.0,27.0
1357,1357,32,30,28.0,27.0
1358,1358,31,30,28.0,27.0
1359,1359,31,30,28.0,27.0
1360,1360,27,30,28.0,28.0
1361,1361,29,30,28.0,28.0
1362,1362,31,30,28.0,28.0
1363,1363,31,29,28.0,28.0
1364,1364,32,28,28.0,28.0
1365,1365,31,27,28.0,28.0
1366,1366,30,30,28.0,28.0
1367,1367,31,26,28.0,28.0
1368,1368,26,28,28.0,28.0
1369,1369,28,30,28.0,28.0
1370,1370,27,28,28.0,28.0
1371,1371,31,29,28.0,27.0
1372,1372,27,27,28.0,27.0
1373,1373,27,30,28.0,28.0
1374,1374,26,30,28.0,28.0
1375,1375,26,23,28.0,28.0
1376,1376,25,24,28.0,28.0
1377,1377,30,28,28.0,28.0
1378,1378,28,26,28.0,28.0
1379,1379,28,26,28.0,28.0
1380,1380,28,27,28.0,28.0
1381,1381,29,27,28.0,28.0
1382,1382,29,30,28.0,28.0
1383,1383,31,29,28.0,28.0
1384,1384,29,30,28.0,28.0
1385,1385,29,26,28.0,28.0
1386,1386,26,28,28.0,28.0
1387,1387,30,30,28.0,28.0
1388,1388,28,26,28.0,28.0
1389,1389,29,28,28.0,28.0
1390,1390,29,28,28.0,28.0
1391,1391,29,27,28.0,28.0
1392,1392,29,28,28.0,28.0
1393,1393,27,29,28.0,28.0
1394,1394,26,27,28.0,28.0
1395,1395,27,27,28.0,28.0
1396,1396,26,27,28.0,28.0
1397,1397,26,26,28.0,27.0
1398,1398,27,26,28.0,27.0
1399,1399,26,24,28.0,27.0
1400,1400,24,26,28.0,27.0
1401,1401,27,25,28.0,27.0
1402,1402,28,29,28.0,27.0
1403,1403,24,29,28.0,27.0
1404,1404,27,26,28.0,27.0
1405,1405,30,28,28.0,27.0
1406,1406,29,26,28.0,27.0
1407,1407,31,30,28.0,27.0
1408,1408,27,29,28.0,27.0
1409,1409,24,26,28.0,27.0
1410,1410,26,27,28.0,27.0
1411,1411,22,26,28.0,27.0
1412,1412,24,26,28.0,27.0
1413,1413,27,26,28.0,27.0
1414,1414,29,26,28.0,27.0
1415,1415,26,27,28.0,27.0
1416,1416,23,29,28.0,27.0
1417,1417,22,26,28.0,27.0
1418,1418,26,26,28.0,27.0
1419,1419,26,23,28.0,27.0
1420,1420,27,25,28.0,27.0
1421,1421,30,26,29.0,27.0
1422,1422,27,26,29.0,27.0
1423,1423,26,27,29.0,27.0
1424,1424,27,28,29.0,27.0
1425,1425,22,29,29.0,27.0
1426,1426,27,27,29.0,27.0
1427,1427,26,27,29.0,27.0
1428,1428,27,27,29.0,27.0
1429,1429,28,26,29.0,27.0
1430,1430,26,26,29.0,27.0
1431,1431,28,27,29.0,27.0
1432,1432,28,26,29.0,27.0
1433,1433,27,28,29.0,27.0
1434,1434,29,25,29.0,27.0
1435,1435,28,28,29.0,27.0
1436,1436,27,28,29.0,27.0
1437,1437,24,26,29.0,27.0
1438,1438,26,26,29.0,27.0
1439,1439,27,28,29.0,27.0
1440,1440,27,27,29.0,27.0
1441,1441,28,30,29.0,27.0
1442,1442,28,29,29.0,27.0
1443,1443,28,30,29.0,27.0
1444,1444,26,28,29.0,27.0
1445,1445,27,30,29.0,27.0
1446,1446,32,29,29.0,27.0
1447,1447,34,23,29.0,27.0
1448,1448,32,27,29.0,27.0
1449,1449,33,28,29.0,27.0
1450,1450,32,27,30.0,27.0
1451,1451,34,26,30.0,27.0
1452,1452,33,28,30.0,27.0
1453,1453,34,30,30.0,27.0
1454,1454,33,26,30.0,27.0
1455,1455,32,27,30.0,27.0
1456,1456,32,27,30.0,27.0
1457,1457,25,27,30.0,27.0
1458,1458,34,29,30.0,27.0
1459,1459,33,27,30.0,27.0
1460,1460,33,28,30.0,27.0
1461,1461,32,27,30.0,27.0
1462,1462,32,28,30.0,27.0
1463,1463,30,28,30.0,27.0
1464,1464,32,30,30.0,27.0
1465,1465,34,28,30.0,27.0
1466,1466,33,27,30.0,27.0
1467,1467,34,27,30.0,27.0
1468,1468,33,26,30.0,27.0
1469,1469,34,23,30.0,27.0
1470,1470,34,23,31.0,27.0
1471,1471,34,27,31.0,27.0
1472,1472,33,26,31.0,27.0
1473,1473,33,29,31.0,27.0
1474,1474,33,27,31.0,27.0
1475,1475,32,27,31.0,27.0
1476,1476,32,27,31.0,27.0
1477,1477,33,26,31.0,27.0
1478,1478,32,23,31.0,27.0
1479,1479,31,27,31.0,27.0
1480,1480,32,27,31.0,27.0
1481,1481,33,27,31.0,27.0
1482,1482,29,30,31.0,27.0
1483,1483,32,26,31.0,27.0
1484,1484,33,26,31.0,27.0
1485,1485,34,26,31.0,27.0
1486,1486,32,25,31.0,27.0
1487,1487,26,27,31.0,27.0
1488,1488,26,28,31.0,27.0
1489,1489,30,28,31.0,27.0
1490,1490,31,29,31.0,27.0
1491,1491,31,28,31.0,27.0
1492,1492,32,28,31.0,27.0
1493,1493,34,26,31.0,27.0
1494,1494,31,23,31.0,27.0
1495,1495,32,23,31.0,27.0
1496,1496,33,25,31.0,27.0
1497,1497,31,26,31.0,27.0
1498,1498,28,24,31.0,27.0
1499,1499,32,28,31.0,27.0
1500,1500,34,27,31.0,27.0
1501,1501,32,23,31.0,27.0
1502,1502,33,27,31.0,27.0
1503,1503,33,26,31.0,27.0
1504,1504,31,26,31.0,27.0
1505,1505,26,24,31.0,27.0
1506,1506,27,26,31.0,27.0
1507,1507,28,26,31.0,27.0
1508,1508,31,30,31.0,27.0
1509,1509,28,27,31.0,27.0
1510,1510,32,26,31.0,27.0
1511,1511,32,27,31.0,27.0
1512,1512,28,27,31.0,27.0
1513,1513,32,29,31.0,27.0
1514,1514,31,25,31.0,27.0
1515,1515,31,26,31.0,27.0
1516,1516,32,26,31.0,27.0
1517,1517,34,27,31.0,27.0
1518,1518,34,27,31.0,27.0
1519,1519,33,24,31.0,27.0
1520,1520,29,26,30.0,27.0
1521,1521,30,27,30.0,27.0
1522,1522,31,27,30.0,27.0
1523,1523,32,28,30.0,27.0
1524,1524,32,25,30.0,27.0
1525,1525,31,30,30.0,27.0
1526,1526,33,28,30.0,27.0
1527,1527,30,27,30.0,27.0
1528,1528,32,27,30.0,27.0
1529,1529,32,28,30.0,27.0
1530,1530,31,28,30.0,27.0
1531,1531,29,27,30.0,27.0
1532,1532,28,27,30.0,27.0
1533,1533,29,27,30.0,27.0
1534,1534,32,30,30.0,27.0
1535,1535,28,28,30.0,27.0
1536,1536,27,29,30.0,27.0
1537,1537,27,29,30.0,27.0
1538,1538,24,31,30.0,27.0
1539,1539,30,27,30.0,27.0
1540,1540,30,30,30.0,27.0
1541,1541,30,27,30.0,27.0
1542,1542,31,30,30.0,27.0
1543,1543,27,31,30.0,27.0
1544,1544,29,27,30.0,27.0
1545,1545,30,28,30.0,27.0
1546,1546,29,28,30.0,27.0
1547,1547,28,30,30.0,27.0
1548,1548,27,28,30.0,27.0
1549,1549,28,28,30.0,27.0
1550,1550,30,26,29.0,27.0
1551,1551,30,26,29.0,27.0
1552,1552,30,27,29.0,27.0
1553,1553,30,28,29.0,27.0
1554,1554,32,28,29.0,27.0
1555,1555,28,27,29.0,27.0
1556,1556,27,28,29.0,27.0
1557,1557,31,27,29.0,27.0
1558,1558,28,26,29.0,27.0
1559,1559,28,27,29.0,27.0
1560,1560,30,26,29.0,27.0
1561,1561,29,25,29.0,27.0
1562,1562,29,27,29.0,27.0
1563,1563,27,30,29.0,27.0
1564,1564,31,29,29.0,27.0
1565,1565,31,27,29.0,27.0
1566,1566,32,26,29.0,27.0
1567,1567,31,26,29.0,27.0
1568,1568,28,26,29.0,27.0
1569,1569,28,27,29.0,27.0
1570,1570,27,26,29.0,27.0
1571,1571,30,26,29.0,27.0
1572,1572,26,28,29.0,27.0
1573,1573,25,24,29.0,27.0
1574,1574,30,26,29.0,27.0
1575,1575,30,27,29.0,27.0
1576,1576,30,26,29.0,27.0
1577,1577,27,28,29.0,27.0
1578,1578,29,29,29.0,27.0
1579,1579,28,30,29.0,27.0
1580,1580,27,27,29.0,27.0
1581,1581,30,29,29.0,27.0
1582,1582,26,28,29.0,27.0
1583,1583,26,27,29.0,27.0
1584,1584,28,28,29.0,27.0
1585,1585,26,27,29.0,27.0
1586,1586,27,27,29.0,27.0
1587,1587,27,27,29.0,27.0
1588,1588,30,26,29.0,27.0
1589,1589,29,27,29.0,27.0
1590,1590,27,27,29.0,27.0
1591,1591,23,26,29.0,27.0
1592,1592,34,29,29.0,27.0
1593,1593,31,26,29.0,27.0
1594,1594,33,26,29.0,27.0
1595,1595,32,25,29.0,27.0
1596,1596,32,27,29.0,27.0
1597,1597,30,24,29.0,27.0
1598,1598,26,28,29.0,27.0
1599,1599,26,27,29.0,27.0
1600,1600,27,29,29.0,27.0
1601,1601,26,27,29.0,27.0
1602,1602,26,28,29.0,27.0
1603,1603,27,30,29.0,27.0
1604,1604,31,30,29.0,27.0
1605,1605,31,27,29.0,27.0
1606,1606,31,26,29.0,27.0
1607,1607,32,28,29.0,27.0
1608,1608,31,26,29.0,27.0
1609,1609,26,27,29.0,27.0
1610,1610,27,26,29.0,27.0
1611,1611,29,25,29.0,27.0
1612,1612,29,26,29.0,27.0
1613,1613,28,25,29.0,27.0
1614,1614,29,25,29.0,27.0
1615,1615,30,24,29.0,27.0
1616,1616,31,26,29.0,27.0
1617,1617,31,25,29.0,27.0
1618,1618,29,24,29.0,27.0
1619,1619,27,22,29.0,27.0
1620,1620,28,26,29.0,27.0
1621,1621,28,26,29.0,27.0
1622,1622,29,25,29.0,27.0
1623,1623,31,25,29.0,27.0
1624,1624,28,23,29.0,27.0
1625,1625,26,25,29.0,27.0
1626,1626,28,25,29.0,27.0
1627,1627,31,27,29.0,27.0
1628,1628,28,25,29.0,27.0
1629,1629,32,25,29.0,27.0
1630,1630,31,25,29.0,27.0
1631,1631,31,30,29.0,27.0
1632,1632,32,27,29.0,27.0
1633,1633,30,26,29.0,27.0
1634,1634,31,28,29.0,27.0
1635,1635,29,28,29.0,27.0
1636,1636,27,27,29.0,27.0
1637,1637,29,26,29.0,27.0
1638,1638,30,27,29.0,27.0
1639,1639,27,27,29.0,27.0
1640,1640,31,27,29.0,27.0
1641,1641,32,26,29.0,27.0
1642,1642,30,26,29.0,27.0
1643,1643,31,25,29.0,27.0
1644,1644,28,27,29.0,27.0
1645,1645,30,25,29.0,27.0
1646,1646,26,27,29.0,27.0
1647,1647,30,28,29.0,27.0
1648,1648,30,28,29.0,27.0
1649,1649,31,31,29.0,27.0
1650,1650,26,26,29.0,27.0
1651,1651,30,28,29.0,27.0
1652,1652,31,29,29.0,27.0
1653,1653,29,28,29.0,27.0
1654,1654,30,27,29.0,27.0
1655,1655,29,30,29.0,27.0
1656,1656,30,29,29.0,27.0
1657,1657,29,24,29.0,27.0
1658,1658,30,28,29.0,27.0
1659,1659,31,26,29.0,27.0
1660,1660,31,28,29.0,27.0
1661,1661,30,28,29.0,27.0
1662,1662,29,30,29.0,27.0
1663,1663,27,28,29.0,27.0
1664,1664,32,24,29.0,27.0
1665,1665,33,24,29.0,27.0
1666,1666,31,23,29.0,27.0
1667,1667,32,29,29.0,27.0
1668,1668,30,29,29.0,27.0
1669,1669,29,27,29.0,27.0
1670,1670,27,26,29.0,28.0
1671,1671,30,26,29.0,28.0
1672,1672,27,27,29.0,28.0
1673,1673,28,28,29.0,28.0
1674,1674,30,27,29.0,28.0
1675,1675,28,27,29.0,28.0
1676,1676,28,28,29.0,28.0
1677,1677,28,27,29.0,28.0
1678,1678,28,28,29.0,28.0
1679,1679,30,30,29.0,28.0
1680,1680,29,29,29.0,28.0
1681,1681,27,28,29.0,28.0
1682,1682,26,29,29.0,28.0
1683,1683,31,27,29.0,28.0
1684,1684,30,28,29.0,28.0
1685,1685,27,29,28.0,28.0
1686,1686,28,30,28.0,28.0
1687,1687,30,26,28.0,28.0
1688,1688,29,30,28.0,28.0
1689,1689,27,29,28.0,28.0
1690,1690,27,28,28.0,28.0
1691,1691,27,25,28.0,28.0
1692,1692,31,30,28.0,28.0
1693,1693,27,30,28.0,28.0
1694,1694,27,27,28.0,28.0
1695,1695,25,28,28.0,28.0
1696,1696,25,27,28.0,28.0
1697,1697,28,30,28.0,28.0
1698,1698,31,31,28.0,28.0
1699,1699,24,30,28.0,28.0
1700,1700,28,27,28.0,28.0
1701,1701,23,29,28.0,28.0
1702,1702,28,26,28.0,28.0
1703,1703,29,29,28.0,28.0
1704,1704,27,26,28.0,28.0
1705,1705,28,29,28.0,28.0
1706,1706,29,29,28.0,28.0
1707,1707,28,28,28.0,28.0
1708,1708,26,28,28.0,28.0
1709,1709,30,30,28.0,28.0
1710,1710,28,27,28.0,28.0
1711,1711,28,29,28.0,28.0
1712,1712,30,29,28.0,28.0
1713,1713,28,30,28.0,28.0
1714,1714,31,31,28.0,28.0
1715,1715,29,30,28.0,28.0
1716,1716,29,30,28.0,28.0
1717,1717,29,27,28.0,28.0
1718,1718,30,26,28.0,28.0
1719,1719,31,30,28.0,28.0
1720,1720,26,28,28.0,28.0
1721,1721,27,29,28.0,28.0
1722,1722,28,28,28.0,28.0
1723,1723,30,30,27.0,28.0
1724,1724,30,31,27.0,28.0
1725,1725,27,28,27.0,28.0
1726,1726,26,30,27.0,28.0
1727,1727,23,30,27.0,28.0
1728,1728,28,29,27.0,28.0
1729,1729,28,30,27.0,28.0
1730,1730,27,29,27.0,28.0
1731,1731,25,28,27.0,28.0
1732,1732,26,27,27.0,28.0
1733,1733,26,28,27.0,28.0
1734,1734,26,28,27.0,28.0
1735,1735,24,27,27.0,28.0
1736,1736,25,28,27.0,28.0
1737,1737,27,27,27.0,28.0
1738,1738,26,30,27.0,28.0
1739,1739,24,30,27.0,28.0
1740,1740,26,27,27.0,28.0
1741,1741,26,28,27.0,28.0
1742,1742,27,29,27.0,28.0
1743,1743,27,28,27.0,28.0
1744,1744,27,28,27.0,28.0
1745,1745,26,29,27.0,28.0
1746,1746,28,27,27.0,28.0
1747,1747,27,27,27.0,28.0
1748,1748,28,28,27.0,28.0
1749,1749,31,29,27.0,28.0
1750,1750,27,29,27.0,28.0
1751,1751,27,31,27.0,28.0
1752,1752,26,29,27.0,28.0
1753,1753,26,27,27.0,28.0
1754,1754,27,26,27.0,28.0
1755,1755,26,23,27.0,28.0
1756,1756,24,23,27.0,28.0
1757,1757,26,29,27.0,28.0
1758,1758,28,28,27.0,28.0
1759,1759,26,26,27.0,28.0
1760,1760,26,26,27.0,28.0
1761,1761,27,24,27.0,28.0
1762,1762,29,28,27.0,28.0
1763,1763,28,27,27.0,28.0
1764,1764,27,27,27.0,28.0
1765,1765,29,28,27.0,28.0
1766,1766,29,30,27.0,28.0
1767,1767,30,28,27.0,28.0
1768,1768,28,30,27.0,28.0
1769,1769,28,28,27.0,28.0
1770,1770,25,27,27.0,28.0
1771,1771,29,27,27.0,28.0
1772,1772,28,27,27.0,28.0
1773,1773,24,30,27.0,28.0
1774,1774,27,28,27.0,28.0
1775,1775,27,30,27.0,28.0
1776,1776,30,30,28.0,28.0
1777,1777,26,25,28.0,28.0
1778,1778,26,28,28.0,28.0
1779,1779,25,28,28.0,28.0
1780,1780,28,27,28.0,28.0
1781,1781,27,30,28.0,28.0
1782,1782,28,30,28.0,28.0
1783,1783,27,31,28.0,28.0
1784,1784,29,30,28.0,28.0
1785,1785,30,28,28.0,28.0
1786,1786,31,30,28.0,28.0
1787,1787,27,29,28.0,28.0
1788,1788,28,30,28.0,28.0
1789,1789,26,29,28.0,28.0
1790,1790,26,28,28.0,28.0
1791,1791,29,28,29.0,28.0
1792,1792,26,30,29.0,28.0
1793,1793,27,28,29.0,28.0
1794,1794,29,29,29.0,28.0
1795,1795,28,30,29.0,28.0
1796,1796,31,28,29.0,28.0
1797,1797,27,30,29.0,28.0
1798,1798,26,29,29.0,28.0
1799,1799,24,28,29.0,28.0
1800,1800,24,29,29.0,28.0
1801,1801,28,30,29.0,28.0
1802,1802,28,26,29.0,28.0
1803,1803,27,30,29.0,28.0
1804,1804,27,30,29.0,28.0
1805,1805,25,30,29.0,28.0
1806,1806,26,30,29.0,28.0
1807,1807,28,28,29.0,28.0
1808,1808,28,29,30.0,28.0
1809,1809,26,27,30.0,28.0
1810,1810,26,28,30.0,28.0
1811,1811,27,26,30.0,28.0
1812,1812,23,26,30.0,28.0
1813,1813,23,27,30.0,28.0
1814,1814,27,28,30.0,28.0
1815,1815,29,27,30.0,28.0
1816,1816,28,27,30.0,28.0
1817,1817,32,27,30.0,28.0
1818,1818,32,27,30.0,28.0
1819,1819,33,24,30.0,28.0
1820,1820,34,30,30.0,28.0
1821,1821,34,27,30.0,29.0
1822,1822,33,26,30.0,29.0
1823,1823,34,26,30.0,29.0
1824,1824,34,29,31.0,29.0
1825,1825,33,29,31.0,29.0
1826,1826,32,28,31.0,29.0
1827,1827,32,28,31.0,29.0
1828,1828,34,31,31.0,29.0
1829,1829,32,27,31.0,29.0
1830,1830,32,26,31.0,29.0
1831,1831,32,31,31.0,29.0
1832,1832,32,30,31.0,29.0
1833,1833,31,31,31.0,29.0
1834,1834,33,30,31.0,29.0
1835,1835,33,30,31.0,29.0
1836,1836,32,30,31.0,29.0
1837,1837,33,30,31.0,29.0
1838,1838,33,30,31.0,29.0
1839,1839,33,31,31.0,29.0
1840,1840,34,30,31.0,29.0
1841,1841,33,26,31.0,29.0
1842,1842,33,26,31.0,29.0
1843,1843,34,26,32.0,29.0
1844,1844,34,28,32.0,29.0
1845,1845,34,26,32.0,29.0
1846,1846,32,30,32.0,29.0
1847,1847,32,28,32.0,29.0
1848,1848,33,24,32.0,29.0
1849,1849,33,27,32.0,29.0
1850,1850,33,27,32.0,29.0
1851,1851,31,30,32.0,29.0
1852,1852,31,30,32.0,29.0
1853,1853,33,28,32.0,29.0
1854,1854,31,29,32.0,29.0
1855,1855,34,30,32.0,28.0
1856,1856,33,28,32.0,28.0
1857,1857,33,28,32.0,29.0
1858,1858,34,30,32.0,29.0
1859,1859,34,30,33.0,28.0
1860,1860,33,28,33.0,28.0
1861,1861,33,28,33.0,28.0
1862,1862,34,30,33.0,28.0
1863,1863,34,27,33.0,28.0
1864,1864,34,30,33.0,28.0
1865,1865,34,27,33.0,28.0
1866,1866,34,30,33.0,29.0
1867,1867,33,27,33.0,29.0
1868,1868,35,30,33.0,29.0
1869,1869,34,30,33.0,29.0
1870,1870,34,30,33.0,29.0
1871,1871,34,31,33.0,29.0
1872,1872,34,30,33.0,29.0
1873,1873,34,29,33.0,29.0
1874,1874,35,30,33.0,29.0
1875,1875,32,30,33.0,29.0
1876,1876,34,29,33.0,29.0
1877,1877,33,29,33.0,29.0
1878,1878,32,30,33.0,29.0
1879,1879,32,30,33.0,28.0
1880,1880,33,30,33.0,29.0
1881,1881,32,30,33.0,29.0
1882,1882,32,28,33.0,29.0
1883,1883,32,30,33.0,28.0
1884,1884,34,29,33.0,28.0
1885,1885,32,30,33.0,28.0
1886,1886,33,31,33.0,28.0
1887,1887,34,29,33.0,28.0
1888,1888,33,30,33.0,28.0
1889,1889,33,27,33.0,28.0
1890,1890,34,27,33.0,28.0
1891,1891,33,28,33.0,28.0
1892,1892,34,30,33.0,28.0
1893,1893,33,31,33.0,28.0
1894,1894,34,29,32.0,28.0
1895,1895,32,24,32.0,28.0
1896,1896,35,23,32.0,28.0
1897,1897,34,30,32.0,28.0
1898,1898,33,27,32.0,28.0
1899,1899,32,26,32.0,28.0
1900,1900,32,30,32.0,28.0
1901,1901,34,28,32.0,28.0
1902,1902,32,30,32.0,28.0
1903,1903,34,29,32.0,28.0
1904,1904,32,27,32.0,28.0
1905,1905,33,27,32.0,28.0
1906,1906,33,30,32.0,28.0
1907,1907,34,32,32.0,28.0
1908,1908,32,28,32.0,28.0
1909,1909,34,26,32.0,28.0
1910,1910,31,26,32.0,28.0
1911,1911,34,30,32.0,28.0
1912,1912,31,24,32.0,28.0
1913,1913,32,24,31.0,28.0
1914,1914,33,29,31.0,28.0
1915,1915,34,31,31.0,28.0
1916,1916,33,29,31.0,28.0
1917,1917,33,28,31.0,28.0
1918,1918,32,26,31.0,28.0
1919,1919,33,26,31.0,28.0
1920,1920,34,30,31.0,28.0
1921,1921,32,25,31.0,28.0
1922,1922,31,28,31.0,28.0
1923,1923,31,30,31.0,28.0
1924,1924,32,26,31.0,28.0
1925,1925,28,28,31.0,28.0
1926,1926,33,26,31.0,28.0
1927,1927,32,27,31.0,28.0
1928,1928,33,27,31.0,28.0
1929,1929,30,28,31.0,28.0
1930,1930,30,30,31.0,28.0
1931,1931,32,30,30.0,28.0
1932,1932,32,27,30.0,28.0
1933,1933,33,24,30.0,28.0
1934,1934,30,29,30.0,28.0
1935,1935,31,27,30.0,28.0
1936,1936,35,29,30.0,28.0
1937,1937,31,30,30.0,28.0
1938,1938,27,30,30.0,28.0
1939,1939,27,28,30.0,28.0
1940,1940,27,29,30.0,28.0
1941,1941,27,27,30.0,28.0
1942,1942,31,25,30.0,28.0
1943,1943,27,30,30.0,28.0
1944,1944,28,27,30.0,28.0
1945,1945,29,29,30.0,28.0
1946,1946,28,29,30.0,28.0
1947,1947,28,27,30.0,28.0
1948,1948,30,27,30.0,28.0
1949,1949,28,29,29.0,28.0
1950,1950,32,30,29.0,28.0
1951,1951,32,30,29.0,28.0
1952,1952,29,27,29.0,28.0
1953,1953,27,31,29.0,28.0
1954,1954,29,29,29.0,28.0
1955,1955,26,30,29.0,28.0
1956,1956,25,30,29.0,28.0
1957,1957,24,30,29.0,28.0
1958,1958,27,28,29.0,28.0
1959,1959,25,28,29.0,28.0
1960,1960,26,29,29.0,28.0
1961,1961,27,30,29.0,28.0
1962,1962,27,28,29.0,28.0
1963,1963,28,30,29.0,28.0
1964,1964,28,29,29.0,28.0
1965,1965,27,27,29.0,28.0
1966,1966,27,25,29.0,28.0
1967,1967,24,30,28.0,28.0
1968,1968,27,29,28.0,28.0
1969,1969,30,27,28.0,28.0
1970,1970,26,28,28.0,28.0
1971,1971,30,28,28.0,28.0
1972,1972,29,27,28.0,28.0
1973,1973,27,29,28.0,28.0
1974,1974,29,30,28.0,28.0
1975,1975,31,27,28.0,28.0
1976,1976,28,29,28.0,28.0
1977,1977,26,30,28.0,28.0
1978,1978,27,28,28.0,28.0
1979,1979,29,24,28.0,28.0
1980,1980,28,28,28.0,28.0
1981,1981,28,26,28.0,28.0
1982,1982,26,29,28.0,28.0
1983,1983,27,28,28.0,28.0
1984,1984,28,30,28.0,28.0
1985,1985,28,30,28.0,28.0
1986,1986,29,27,28.0,28.0
1987,1987,26,28,28.0,28.0
1988,1988,28,29,28.0,28.0
1989,1989,26,30,28.0,28.0
1990,1990,27,28,28.0,28.0
1991,1991,28,30,28.0,28.0
1992,1992,28,26,28.0,28.0
1993,1993,26,28,28.0,28.0
1994,1994,28,28,28.0,28.0
1995,1995,28,28,28.0,28.0
1996,1996,28,27,28.0,28.0
1997,1997,28,28,28.0,28.0
1998,1998,28,28,27.0,28.0
1999,1999,24,30,27.0,28.0
2000,2000,26,30,27.0,28.0
2001,2001,25,28,27.0,28.0
2002,2002,29,29,27.0,28.0
2003,2003,29,28,27.0,28.0
2004,2004,26,30,27.0,28.0
2005,2005,29,29,27.0,28.0
2006,2006,26,29,27.0,28.0
2007,2007,28,27,27.0,28.0
2008,2008,27,28,27.0,28.0
2009,2009,27,27,27.0,28.0
2010,2010,26,30,27.0,28.0
2011,2011,30,30,27.0,28.0
2012,2012,29,30,27.0,28.0
2013,2013,28,28,27.0,28.0
2014,2014,27,28,27.0,28.0
2015,2015,27,30,27.0,28.0
2016,2016,27,30,27.0,28.0
2017,2017,27,29,27.0,28.0
2018,2018,27,26,27.0,28.0
2019,2019,26,27,27.0,28.0
2020,2020,28,27,27.0,28.0
2021,2021,27,28,27.0,28.0
2022,2022,29,24,27.0,28.0
2023,2023,28,27,27.0,28.0
2024,2024,24,25,27.0,28.0
2025,2025,27,28,27.0,28.0
2026,2026,26,25,27.0,28.0
2027,2027,27,24,27.0,28.0
2028,2028,25,27,27.0,28.0
2029,2029,26,27,27.0,28.0
2030,2030,28,28,27.0,28.0
2031,2031,27,24,27.0,28.0
2032,2032,31,30,27.0,28.0
2033,2033,27,30,27.0,28.0
2034,2034,28,27,27.0,28.0
2035,2035,27,27,27.0,28.0
2036,2036,28,24,27.0,28.0
2037,2037,29,24,27.0,28.0
2038,2038,29,28,27.0,28.0
2039,2039,27,23,27.0,28.0
2040,2040,27,27,27.0,28.0
2041,2041,28,27,27.0,28.0
2042,2042,28,28,27.0,28.0
2043,2043,31,28,27.0,28.0
2044,2044,29,26,27.0,28.0
2045,2045,28,26,27.0,28.0
2046,2046,28,30,27.0,28.0
2047,2047,24,28,27.0,28.0
2048,2048,26,29,27.0,28.0
2049,2049,28,30,27.0,28.0
2050,2050,29,26,27.0,28.0
2051,2051,27,27,27.0,28.0
2052,2052,28,30,27.0,28.0
2053,2053,27,30,27.0,28.0
2054,2054,27,28,27.0,28.0
2055,2055,24,27,27.0,28.0
2056,2056,25,26,27.0,28.0
2057,2057,26,27,27.0,28.0
2058,2058,27,27,27.0,28.0
2059,2059,27,24,27.0,28.0
2060,2060,27,26,27.0,28.0
2061,2061,26,26,27.0,28.0
2062,2062,26,29,27.0,28.0
2063,2063,26,29,27.0,28.0
2064,2064,28,29,27.0,28.0
2065,2065,25,29,27.0,28.0
2066,2066,30,24,27.0,28.0
2067,2067,27,30,27.0,28.0
2068,2068,26,31,27.0,28.0
2069,2069,28,30,27.0,28.0
2070,2070,31,30,27.0,28.0
2071,2071,26,27,27.0,28.0
2072,2072,29,29,27.0,28.0
2073,2073,28,27,27.0,28.0
2074,2074,28,28,27.0,28.0
2075,2075,27,27,27.0,28.0
2076,2076,30,28,27.0,28.0
2077,2077,27,28,27.0,28.0
2078,2078,29,29,27.0,28.0
2079,2079,26,30,27.0,28.0
2080,2080,28,28,27.0,28.0
2081,2081,27,27,27.0,29.0
2082,2082,27,29,27.0,29.0
2083,2083,30,29,27.0,29.0
2084,2084,28,30,27.0,29.0
2085,2085,30,28,27.0,29.0
2086,2086,28,26,27.0,29.0
2087,2087,31,31,27.0,29.0
2088,2088,27,30,27.0,29.0
2089,2089,25,29,27.0,29.0
2090,2090,27,31,27.0,29.0
2091,2091,25,31,27.0,29.0
2092,2092,25,28,27.0,29.0
2093,2093,26,30,27.0,29.0
2094,2094,28,31,27.0,29.0
2095,2095,24,31,28.0,29.0
2096,2096,26,31,28.0,29.0
2097,2097,25,30,28.0,29.0
2098,2098,31,29,28.0,29.0
2099,2099,29,30,28.0,29.0
2100,2100,28,31,28.0,29.0
2101,2101,27,30,28.0,29.0
2102,2102,27,28,28.0,29.0
2103,2103,24,26,28.0,29.0
2104,2104,27,25,28.0,29.0
2105,2105,27,30,28.0,29.0
2106,2106,28,28,28.0,29.0
2107,2107,26,30,28.0,29.0
2108,2108,26,30,28.0,29.0
2109,2109,27,29,28.0,29.0
2110,2110,27,31,28.0,29.0
2111,2111,24,28,28.0,29.0
2112,2112,28,29,28.0,29.0
2113,2113,27,30,28.0,29.0
2114,2114,26,31,28.0,29.0
2115,2115,27,30,28.0,29.0
2116,2116,28,27,28.0,29.0
2117,2117,29,30,28.0,29.0
2118,2118,28,30,28.0,29.0
2119,2119,29,29,28.0,29.0
2120,2120,26,28,28.0,29.0
2121,2121,27,30,28.0,29.0
2122,2122,26,31,28.0,29.0
2123,2123,26,28,28.0,29.0
2124,2124,27,31,28.0,29.0
2125,2125,25,29,28.0,29.0
2126,2126,24,30,28.0,29.0
2127,2127,28,31,28.0,29.0
2128,2128,25,30,28.0,29.0
2129,2129,28,28,28.0,29.0
2130,2130,26,28,28.0,29.0
2131,2131,27,30,28.0,29.0
2132,2132,29,30,28.0,29.0
2133,2133,29,27,28.0,29.0
2134,2134,27,29,28.0,29.0
2135,2135,29,27,28.0,29.0
2136,2136,29,30,28.0,29.0
2137,2137,28,26,28.0,29.0
2138,2138,32,26,28.0,29.0
2139,2139,26,30,28.0,28.0
2140,2140,33,29,28.0,28.0
2141,2141,32,29,28.0,28.0
2142,2142,34,31,28.0,28.0
2143,2143,34,31,28.0,28.0
2144,2144,32,31,28.0,28.0
2145,2145,32,30,28.0,28.0
2146,2146,31,31,28.0,28.0
2147,2147,32,27,28.0,28.0
2148,2148,29,28,28.0,28.0
2149,2149,27,26,28.0,28.0
2150,2150,27,30,28.0,28.0
2151,2151,27,27,28.0,28.0
2152,2152,27,25,28.0,28.0
2153,2153,27,25,29.0,28.0
2154,2154,25,28,29.0,28.0
2155,2155,28,27,29.0,28.0
2156,2156,28,27,29.0,28.0
2157,2157,28,29,29.0,28.0
2158,2158,29,23,29.0,28.0
2159,2159,31,27,29.0,28.0
2160,2160,32,27,29.0,28.0
2161,2161,32,30,29.0,28.0
2162,2162,32,28,29.0,28.0
2163,2163,31,25,29.0,28.0
2164,2164,31,29,29.0,28.0
2165,2165,29,31,29.0,28.0
2166,2166,29,29,29.0,28.0
2167,2167,28,29,30.0,28.0
2168,2168,31,27,30.0,28.0
2169,2169,29,24,30.0,28.0
2170,2170,27,30,30.0,28.0
2171,2171,27,26,30.0,28.0
2172,2172,29,27,30.0,28.0
2173,2173,29,27,30.0,28.0
2174,2174,30,26,30.0,28.0
2175,2175,27,27,30.0,28.0
2176,2176,27,30,30.0,28.0
2177,2177,30,27,30.0,28.0
2178,2178,30,27,30.0,28.0
2179,2179,31,27,30.0,28.0
2180,2180,26,28,30.0,28.0
2181,2181,31,25,30.0,28.0
2182,2182,27,27,30.0,28.0
2183,2183,27,30,31.0,28.0
2184,2184,30,29,31.0,28.0
2185,2185,29,26,31.0,28.0
2186,2186,29,25,31.0,28.0
2187,2187,26,26,31.0,28.0
2188,2188,26,28,31.0,28.0
2189,2189,28,27,31.0,28.0
2190,2190,28,27,31.0,28.0
2191,2191,28,28,31.0,28.0
2192,2192,27,28,31.0,28.0
2193,2193,31,29,31.0,28.0
2194,2194,30,29,31.0,28.0
2195,2195,31,28,31.0,28.0
2196,2196,31,29,31.0,28.0
2197,2197,29,30,31.0,28.0
2198,2198,31,27,31.0,28.0
2199,2199,29,30,31.0,28.0
2200,2200,33,30,31.0,28.0
2201,2201,26,28,31.0,28.0
2202,2202,32,27,31.0,28.0
2203,2203,33,28,31.0,28.0
2204,2204,33,29,31.0,28.0
2205,2205,33,27,31.0,28.0
2206,2206,34,26,31.0,28.0
2207,2207,34,30,31.0,28.0
2208,2208,34,31,31.0,28.0
2209,2209,34,30,31.0,28.0
2210,2210,34,29,31.0,28.0
2211,2211,33,30,31.0,28.0
2212,2212,34,27,31.0,28.0
2213,2213,34,26,31.0,28.0
2214,2214,34,28,31.0,28.0
2215,2215,34,28,31.0,28.0
2216,2216,34,31,31.0,28.0
2217,2217,34,30,31.0,28.0
2218,2218,34,30,31.0,28.0
2219,2219,34,28,31.0,28.0
2220,2220,35,29,31.0,28.0
2221,2221,34,30,31.0,28.0
2222,2222,34,30,32.0,28.0
2223,2223,33,28,32.0,29.0
2224,2224,32,30,32.0,29.0
2225,2225,24,31,32.0,29.0
2226,2226,34,31,32.0,29.0
2227,2227,33,30,32.0,29.0
2228,2228,33,29,32.0,29.0
2229,2229,34,28,32.0,29.0
2230,2230,35,26,32.0,29.0
2231,2231,34,28,32.0,29.0
2232,2232,33,27,32.0,29.0
2233,2233,33,28,32.0,29.0
2234,2234,33,28,32.0,29.0
2235,2235,34,31,32.0,29.0
2236,2236,34,30,32.0,29.0
2237,2237,34,30,32.0,29.0
2238,2238,34,30,32.0,29.0
2239,2239,33,30,32.0,29.0
2240,2240,37,30,32.0,29.0
2241,2241,31,31,32.0,29.0
2242,2242,32,30,32.0,29.0
2243,2243,29,28,32.0,29.0
2244,2244,33,25,32.0,29.0
2245,2245,31,29,32.0,29.0
2246,2246,32,29,32.0,29.0
2247,2247,32,30,32.0,29.0
2248,2248,33,31,32.0,29.0
2249,2249,34,29,32.0,29.0
2250,2250,33,29,32.0,29.0
2251,2251,32,30,32.0,29.0
2252,2252,32,30,32.0,29.0
2253,2253,34,30,32.0,29.0
2254,2254,31,31,32.0,29.0
2255,2255,31,27,32.0,29.0
2256,2256,31,26,32.0,29.0
2257,2257,32,28,32.0,29.0
2258,2258,33,27,32.0,29.0
2259,2259,34,26,32.0,29.0
2260,2260,33,28,32.0,29.0
2261,2261,33,30,32.0,29.0
2262,2262,31,28,32.0,29.0
2263,2263,32,30,32.0,29.0
2264,2264,31,30,32.0,29.0
2265,2265,30,27,32.0,29.0
2266,2266,32,28,32.0,29.0
2267,2267,32,29,31.0,29.0
2268,2268,31,26,31.0,29.0
2269,2269,28,27,31.0,29.0
2270,2270,27,29,31.0,29.0
2271,2271,32,28,31.0,29.0
2272,2272,33,29,31.0,29.0
2273,2273,34,30,31.0,29.0
2274,2274,31,32,31.0,29.0
2275,2275,33,30,31.0,29.0
2276,2276,30,30,31.0,29.0
2277,2277,31,31,31.0,29.0
2278,2278,33,30,31.0,29.0
2279,2279,33,30,31.0,29.0
2280,2280,31,29,31.0,29.0
2281,2281,31,28,31.0,29.0
2282,2282,32,28,30.0,29.0
2283,2283,32,27,30.0,29.0
2284,2284,31,26,30.0,29.0
2285,2285,32,28,30.0,29.0
2286,2286,32,28,30.0,29.0
2287,2287,31,30,30.0,29.0
2288,2288,31,27,30.0,29.0
2289,2289,32,30,30.0,29.0
2290,2290,31,23,30.0,29.0
2291,2291,27,26,30.0,29.0
2292,2292,31,30,30.0,29.0
2293,2293,32,29,30.0,29.0
2294,2294,31,31,30.0,29.0
2295,2295,31,30,29.0,29.0
2296,2296,32,30,29.0,29.0
2297,2297,32,27,29.0,29.0
2298,2298,32,30,29.0,29.0
2299,2299,31,30,29.0,29.0
2300,2300,30,30,29.0,29.0
2301,2301,31,30,29.0,29.0
2302,2302,31,30,29.0,29.0
2303,2303,30,29,29.0,29.0
2304,2304,28,28,29.0,29.0
2305,2305,29,27,29.0,29.0
2306,2306,29,26,29.0,29.0
2307,2307,26,27,29.0,29.0
2308,2308,26,26,29.0,29.0
2309,2309,28,27,28.0,29.0
2310,2310,27,28,28.0,29.0
2311,2311,29,28,28.0,29.0
2312,2312,29,30,28.0,29.0
2313,2313,27,31,28.0,29.0
2314,2314,27,30,28.0,29.0
2315,2315,28,30,28.0,29.0
2316,2316,27,28,28.0,29.0
2317,2317,28,30,28.0,29.0
2318,2318,29,28,28.0,29.0
2319,2319,26,30,28.0,29.0
2320,2320,28,27,28.0,29.0
2321,2321,22,30,28.0,29.0
2322,2322,27,29,28.0,29.0
2323,2323,29,30,27.0,29.0
2324,2324,25,31,27.0,29.0
2325,2325,26,30,27.0,29.0
2326,2326,23,30,27.0,29.0
2327,2327,27,30,27.0,29.0
2328,2328,25,30,27.0,29.0
